Event,Type,Net,Length,Maturity,Board,Dorsal,Lateral
79,RMT8,1,49,FA2,1,DSC_0063.jpeg,DSC_0062.jpeg
79,RMT8,1,30,J,1,DSC_0063.jpeg,DSC_0062.jpeg
79,RMT8,1,28,J,1,DSC_0063.jpeg,DSC_0062.jpeg
79,RMT8,1,30,J,1,DSC_0063.jpeg,DSC_0062.jpeg
79,RMT8,1,22,J,1,DSC_0063.jpeg,DSC_0062.jpeg
79,RMT8,1,22,J,1,DSC_0063.jpeg,DSC_0062.jpeg
79,RMT8,1,31,J,1,DSC_0063.jpeg,DSC_0062.jpeg
79,RMT8,1,23,J,1,DSC_0063.jpeg,DSC_0062.jpeg
79,RMT8,1,29,J,1,DSC_0063.jpeg,DSC_0062.jpeg
79,RMT8,1,31,J,1,DSC_0063.jpeg,DSC_0062.jpeg
79,RMT8,1,30,J,1,DSC_0063.jpeg,DSC_0062.jpeg
79,RMT8,1,29,J,1,DSC_0063.jpeg,DSC_0062.jpeg
79,RMT8,1,38,M1,1,DSC_0063.jpeg,DSC_0062.jpeg
79,RMT8,1,29,J,1,DSC_0063.jpeg,DSC_0062.jpeg
79,RMT8,1,26,J,1,DSC_0063.jpeg,DSC_0062.jpeg
79,RMT8,1,28,J,1,DSC_0063.jpeg,DSC_0062.jpeg
79,RMT8,1,29,J,1,DSC_0063.jpeg,DSC_0062.jpeg
79,RMT8,1,26,J,1,DSC_0063.jpeg,DSC_0062.jpeg
79,RMT8,1,29,J,1,DSC_0063.jpeg,DSC_0062.jpeg
79,RMT8,1,28,J,1,DSC_0063.jpeg,DSC_0062.jpeg
79,RMT8,1,29,J,1,DSC_0063.jpeg,DSC_0062.jpeg
79,RMT8,1,29,J,1,DSC_0063.jpeg,DSC_0062.jpeg
79,RMT8,1,33,J,1,DSC_0063.jpeg,DSC_0062.jpeg
79,RMT8,1,23,J,2,DSC_0065.jpeg,DSC_0064.jpeg
79,RMT8,1,31,J,2,DSC_0065.jpeg,DSC_0064.jpeg
79,RMT8,1,30,J,2,DSC_0065.jpeg,DSC_0064.jpeg
79,RMT8,1,24,J,2,DSC_0065.jpeg,DSC_0064.jpeg
79,RMT8,1,26,J,2,DSC_0065.jpeg,DSC_0064.jpeg
79,RMT8,1,28,J,2,DSC_0065.jpeg,DSC_0064.jpeg
79,RMT8,1,28,J,2,DSC_0065.jpeg,DSC_0064.jpeg
79,RMT8,1,33,J,2,DSC_0065.jpeg,DSC_0064.jpeg
79,RMT8,1,23,J,2,DSC_0065.jpeg,DSC_0064.jpeg
79,RMT8,1,26,J,2,DSC_0065.jpeg,DSC_0064.jpeg
79,RMT8,1,28,J,2,DSC_0065.jpeg,DSC_0064.jpeg
79,RMT8,1,28,J,2,DSC_0065.jpeg,DSC_0064.jpeg
79,RMT8,1,31,J,2,DSC_0065.jpeg,DSC_0064.jpeg
79,RMT8,1,32,J,2,DSC_0065.jpeg,DSC_0064.jpeg
79,RMT8,1,26,J,2,DSC_0065.jpeg,DSC_0064.jpeg
79,RMT8,1,26,J,2,DSC_0065.jpeg,DSC_0064.jpeg
79,RMT8,1,24,J,2,DSC_0065.jpeg,DSC_0064.jpeg
79,RMT8,1,29,J,2,DSC_0065.jpeg,DSC_0064.jpeg
79,RMT8,1,23,J,2,DSC_0065.jpeg,DSC_0064.jpeg
79,RMT8,1,20,J,2,DSC_0065.jpeg,DSC_0064.jpeg
79,RMT8,1,29,J,2,DSC_0065.jpeg,DSC_0064.jpeg
79,RMT8,1,34,J,2,DSC_0065.jpeg,DSC_0064.jpeg
79,RMT8,1,22,J,2,DSC_0065.jpeg,DSC_0064.jpeg
79,RMT8,1,24,J,2,DSC_0065.jpeg,DSC_0064.jpeg
79,RMT8,1,32,J,2,DSC_0065.jpeg,DSC_0064.jpeg
79,RMT8,1,32,J,3,DSC_0074.jpeg,DSC_0073.jpeg
79,RMT8,1,26,J,3,DSC_0074.jpeg,DSC_0073.jpeg
79,RMT8,1,28,J,3,DSC_0074.jpeg,DSC_0073.jpeg
79,RMT8,1,27,J,3,DSC_0074.jpeg,DSC_0073.jpeg
79,RMT8,1,29,J,3,DSC_0074.jpeg,DSC_0073.jpeg
79,RMT8,1,31,J,3,DSC_0074.jpeg,DSC_0073.jpeg
79,RMT8,1,32,J,3,DSC_0074.jpeg,DSC_0073.jpeg
79,RMT8,1,25,J,3,DSC_0074.jpeg,DSC_0073.jpeg
79,RMT8,1,27,J,3,DSC_0074.jpeg,DSC_0073.jpeg
79,RMT8,1,25,J,3,DSC_0074.jpeg,DSC_0073.jpeg
79,RMT8,1,25,J,3,DSC_0074.jpeg,DSC_0073.jpeg
79,RMT8,1,26,J,3,DSC_0074.jpeg,DSC_0073.jpeg
79,RMT8,1,31,J,3,DSC_0074.jpeg,DSC_0073.jpeg
79,RMT8,2,31,J,1,DSC_0061.jpeg,DSC_0060.jpeg
79,RMT8,2,29,J,1,DSC_0061.jpeg,DSC_0060.jpeg
79,RMT8,2,31,J,1,DSC_0061.jpeg,DSC_0060.jpeg
79,RMT8,2,28,J,1,DSC_0061.jpeg,DSC_0060.jpeg
79,RMT8,2,29,J,1,DSC_0061.jpeg,DSC_0060.jpeg
79,RMT8,2,32,J,1,DSC_0061.jpeg,DSC_0060.jpeg
79,RMT8,2,27,J,1,DSC_0061.jpeg,DSC_0060.jpeg
79,RMT8,2,25,J,1,DSC_0061.jpeg,DSC_0060.jpeg
79,RMT8,2,26,J,1,DSC_0061.jpeg,DSC_0060.jpeg
79,RMT8,2,28,J,1,DSC_0061.jpeg,DSC_0060.jpeg
79,RMT8,2,29,J,1,DSC_0061.jpeg,DSC_0060.jpeg
79,RMT8,2,27,J,1,DSC_0061.jpeg,DSC_0060.jpeg
79,RMT8,2,25,J,1,DSC_0061.jpeg,DSC_0060.jpeg
79,RMT8,2,28,J,1,DSC_0061.jpeg,DSC_0060.jpeg
79,RMT8,2,29,J,1,DSC_0061.jpeg,DSC_0060.jpeg
79,RMT8,2,31,J,1,DSC_0061.jpeg,DSC_0060.jpeg
79,RMT8,2,24,J,1,DSC_0061.jpeg,DSC_0060.jpeg
79,RMT8,2,32,J,1,DSC_0061.jpeg,DSC_0060.jpeg
79,RMT8,2,24,J,1,DSC_0061.jpeg,DSC_0060.jpeg
79,RMT8,2,27,J,1,DSC_0061.jpeg,DSC_0060.jpeg
79,RMT8,2,28,J,1,DSC_0061.jpeg,DSC_0060.jpeg
79,RMT8,2,27,J,1,DSC_0061.jpeg,DSC_0060.jpeg
79,RMT8,2,27,J,1,DSC_0061.jpeg,DSC_0060.jpeg
79,RMT8,2,27,J,1,DSC_0061.jpeg,DSC_0060.jpeg
79,RMT8,2,26,J,1,DSC_0061.jpeg,DSC_0060.jpeg
79,RMT8,2,31,J,1,DSC_0061.jpeg,DSC_0060.jpeg
79,RMT8,2,26,J,1,DSC_0061.jpeg,DSC_0060.jpeg
79,RMT8,2,29,J,1,DSC_0061.jpeg,DSC_0060.jpeg
79,RMT8,2,27,J,1,DSC_0061.jpeg,DSC_0060.jpeg
79,RMT8,2,32,J,1,DSC_0061.jpeg,DSC_0060.jpeg
79,RMT8,2,28,J,1,DSC_0061.jpeg,DSC_0060.jpeg
79,RMT8,2,34,J,2,DSC_0068.jpeg,DSC_0067.jpeg
79,RMT8,2,32,J,2,DSC_0068.jpeg,DSC_0067.jpeg
79,RMT8,2,31,J,2,DSC_0068.jpeg,DSC_0067.jpeg
79,RMT8,2,33,J,2,DSC_0068.jpeg,DSC_0067.jpeg
79,RMT8,2,31,J,2,DSC_0068.jpeg,DSC_0067.jpeg
79,RMT8,2,32,J,2,DSC_0068.jpeg,DSC_0067.jpeg
79,RMT8,2,29,J,2,DSC_0068.jpeg,DSC_0067.jpeg
79,RMT8,2,31,J,2,DSC_0068.jpeg,DSC_0067.jpeg
79,RMT8,2,27,J,2,DSC_0068.jpeg,DSC_0067.jpeg
79,RMT8,2,31,J,2,DSC_0068.jpeg,DSC_0067.jpeg
79,RMT8,2,26,J,2,DSC_0068.jpeg,DSC_0067.jpeg
79,RMT8,2,30,J,2,DSC_0068.jpeg,DSC_0067.jpeg
79,RMT8,2,28,J,2,DSC_0068.jpeg,DSC_0067.jpeg
79,RMT8,2,34,J,2,DSC_0068.jpeg,DSC_0067.jpeg
79,RMT8,2,37,MS2,2,DSC_0068.jpeg,DSC_0067.jpeg
79,RMT8,2,29,J,2,DSC_0068.jpeg,DSC_0067.jpeg
79,RMT8,2,30,J,2,DSC_0068.jpeg,DSC_0067.jpeg
79,RMT8,2,27,J,2,DSC_0068.jpeg,DSC_0067.jpeg
79,RMT8,2,33,J,2,DSC_0068.jpeg,DSC_0067.jpeg
79,RMT8,2,30,J,2,DSC_0068.jpeg,DSC_0067.jpeg
79,RMT8,2,29,J,2,DSC_0068.jpeg,DSC_0067.jpeg
79,RMT8,2,34,J,2,DSC_0068.jpeg,DSC_0067.jpeg
79,RMT8,2,25,J,2,DSC_0068.jpeg,DSC_0067.jpeg
79,RMT8,2,26,J,2,DSC_0068.jpeg,DSC_0067.jpeg
79,RMT8,2,28,J,2,DSC_0068.jpeg,DSC_0067.jpeg
79,RMT8,2,34,J,2,DSC_0068.jpeg,DSC_0067.jpeg
79,RMT8,2,23,J,2,DSC_0068.jpeg,DSC_0067.jpeg
79,RMT8,2,24,J,2,DSC_0068.jpeg,DSC_0067.jpeg
79,RMT8,2,33,J,2,DSC_0068.jpeg,DSC_0067.jpeg
79,RMT8,2,32,J,2,DSC_0068.jpeg,DSC_0067.jpeg
79,RMT8,2,33,J,2,DSC_0068.jpeg,DSC_0067.jpeg
79,RMT8,2,32,J,2,DSC_0068.jpeg,DSC_0067.jpeg
79,RMT8,2,33,J,2,DSC_0068.jpeg,DSC_0067.jpeg
79,RMT8,2,30,J,2,DSC_0068.jpeg,DSC_0067.jpeg
79,RMT8,2,28,J,2,DSC_0068.jpeg,DSC_0067.jpeg
79,RMT8,2,22,J,2,DSC_0068.jpeg,DSC_0067.jpeg
79,RMT8,2,26,J,2,DSC_0068.jpeg,DSC_0067.jpeg
79,RMT8,2,27,J,2,DSC_0068.jpeg,DSC_0067.jpeg
79,RMT8,2,31,J,2,DSC_0068.jpeg,DSC_0067.jpeg
79,RMT8,2,27,J,2,DSC_0068.jpeg,DSC_0067.jpeg
79,RMT8,2,29,J,2,DSC_0068.jpeg,DSC_0067.jpeg
79,RMT8,2,30,J,2,DSC_0068.jpeg,DSC_0067.jpeg
106,RMT8,1,53,FA2,1,DSC_0080.jpeg,DSC_0077.jpeg
106,RMT8,1,27,J,1,DSC_0080.jpeg,DSC_0077.jpeg
106,RMT8,1,26,J,1,DSC_0080.jpeg,DSC_0077.jpeg
106,RMT8,1,29,J,1,DSC_0080.jpeg,DSC_0077.jpeg
106,RMT8,1,30,J,1,DSC_0080.jpeg,DSC_0077.jpeg
106,RMT8,1,27,J,1,DSC_0080.jpeg,DSC_0077.jpeg
106,RMT8,1,28,J,1,DSC_0080.jpeg,DSC_0077.jpeg
106,RMT8,1,36,MS1,1,DSC_0080.jpeg,DSC_0077.jpeg
106,RMT8,1,31,J,1,DSC_0080.jpeg,DSC_0077.jpeg
106,RMT8,1,31,J,1,DSC_0080.jpeg,DSC_0077.jpeg
106,RMT8,1,29,J,1,DSC_0080.jpeg,DSC_0077.jpeg
106,RMT8,1,27,J,1,DSC_0080.jpeg,DSC_0077.jpeg
106,RMT8,1,29,J,1,DSC_0080.jpeg,DSC_0077.jpeg
106,RMT8,1,30,J,1,DSC_0080.jpeg,DSC_0077.jpeg
106,RMT8,1,28,J,1,DSC_0080.jpeg,DSC_0077.jpeg
106,RMT8,1,31,J,1,DSC_0080.jpeg,DSC_0077.jpeg
106,RMT8,1,30,J,1,DSC_0080.jpeg,DSC_0077.jpeg
106,RMT8,1,29,J,1,DSC_0080.jpeg,DSC_0077.jpeg
106,RMT8,1,29,J,1,DSC_0080.jpeg,DSC_0077.jpeg
106,RMT8,1,25,J,1,DSC_0080.jpeg,DSC_0077.jpeg
106,RMT8,1,25,J,1,DSC_0080.jpeg,DSC_0077.jpeg
106,RMT8,1,30,J,1,DSC_0080.jpeg,DSC_0077.jpeg
106,RMT8,1,29,J,1,DSC_0080.jpeg,DSC_0077.jpeg
106,RMT8,1,26,J,1,DSC_0080.jpeg,DSC_0077.jpeg
106,RMT8,1,30,J,1,DSC_0080.jpeg,DSC_0077.jpeg
106,RMT8,1,21,J,1,DSC_0080.jpeg,DSC_0077.jpeg
106,RMT8,1,26,J,1,DSC_0080.jpeg,DSC_0077.jpeg
106,RMT8,1,29,J,1,DSC_0080.jpeg,DSC_0077.jpeg
106,RMT8,1,28,J,1,DSC_0080.jpeg,DSC_0077.jpeg
106,RMT8,1,29,J,1,DSC_0080.jpeg,DSC_0077.jpeg
106,RMT8,1,25,J,1,DSC_0080.jpeg,DSC_0077.jpeg
106,RMT8,1,29,J,1,DSC_0080.jpeg,DSC_0077.jpeg
106,RMT8,1,29,J,1,DSC_0080.jpeg,DSC_0077.jpeg
106,RMT8,1,30,J,1,DSC_0080.jpeg,DSC_0077.jpeg
106,RMT8,1,30,J,1,DSC_0080.jpeg,DSC_0077.jpeg
106,RMT8,1,26,J,1,DSC_0080.jpeg,DSC_0077.jpeg
106,RMT8,1,50,MA2,1,DSC_0080.jpeg,DSC_0077.jpeg
106,RMT8,1,34,J,1,DSC_0080.jpeg,DSC_0077.jpeg
106,RMT8,1,29,J,1,DSC_0080.jpeg,DSC_0077.jpeg
106,RMT8,1,47,MA2,1,DSC_0080.jpeg,DSC_0077.jpeg
106,RMT8,1,30,J,1,DSC_0080.jpeg,DSC_0077.jpeg
106,RMT8,1,30,J,1,DSC_0080.jpeg,DSC_0077.jpeg
106,RMT8,1,31,J,1,DSC_0080.jpeg,DSC_0077.jpeg
106,RMT8,1,26,J,1,DSC_0080.jpeg,DSC_0077.jpeg
106,RMT8,1,30,J,1,DSC_0080.jpeg,DSC_0077.jpeg
106,RMT8,1,28,J,1,DSC_0080.jpeg,DSC_0077.jpeg
106,RMT8,1,33,MS1,1,DSC_0080.jpeg,DSC_0077.jpeg
106,RMT8,1,53,FA2,2,DSC_0081.jpeg,DSC_0078.jpeg
106,RMT8,1,28,J,2,DSC_0081.jpeg,DSC_0078.jpeg
106,RMT8,1,34,J,2,DSC_0081.jpeg,DSC_0078.jpeg
106,RMT8,1,30,J,2,DSC_0081.jpeg,DSC_0078.jpeg
106,RMT8,1,29,J,2,DSC_0081.jpeg,DSC_0078.jpeg
106,RMT8,1,37,J,2,DSC_0081.jpeg,DSC_0078.jpeg
106,RMT8,1,36,FS1,2,DSC_0081.jpeg,DSC_0078.jpeg
106,RMT8,1,30,J,2,DSC_0081.jpeg,DSC_0078.jpeg
106,RMT8,1,32,J,2,DSC_0081.jpeg,DSC_0078.jpeg
106,RMT8,1,40,MS1,2,DSC_0081.jpeg,DSC_0078.jpeg
106,RMT8,1,31,J,2,DSC_0081.jpeg,DSC_0078.jpeg
106,RMT8,1,29,J,2,DSC_0081.jpeg,DSC_0078.jpeg
106,RMT8,1,29,J,2,DSC_0081.jpeg,DSC_0078.jpeg
106,RMT8,1,33,J,2,DSC_0081.jpeg,DSC_0078.jpeg
106,RMT8,1,28,J,2,DSC_0081.jpeg,DSC_0078.jpeg
106,RMT8,1,26,J,2,DSC_0081.jpeg,DSC_0078.jpeg
106,RMT8,1,29,J,2,DSC_0081.jpeg,DSC_0078.jpeg
106,RMT8,1,31,J,2,DSC_0081.jpeg,DSC_0078.jpeg
106,RMT8,1,26,J,2,DSC_0081.jpeg,DSC_0078.jpeg
106,RMT8,1,32,J,2,DSC_0081.jpeg,DSC_0078.jpeg
106,RMT8,1,29,J,2,DSC_0081.jpeg,DSC_0078.jpeg
106,RMT8,1,33,J,2,DSC_0081.jpeg,DSC_0078.jpeg
106,RMT8,1,31,J,2,DSC_0081.jpeg,DSC_0078.jpeg
106,RMT8,1,34,J,2,DSC_0081.jpeg,DSC_0078.jpeg
106,RMT8,1,37,MS1,2,DSC_0081.jpeg,DSC_0078.jpeg
106,RMT8,1,30,J,2,DSC_0081.jpeg,DSC_0078.jpeg
106,RMT8,1,30,J,2,DSC_0081.jpeg,DSC_0078.jpeg
106,RMT8,1,37,J,2,DSC_0081.jpeg,DSC_0078.jpeg
106,RMT8,1,32,J,2,DSC_0081.jpeg,DSC_0078.jpeg
106,RMT8,1,31,J,2,DSC_0081.jpeg,DSC_0078.jpeg
106,RMT8,1,22,J,2,DSC_0081.jpeg,DSC_0078.jpeg
106,RMT8,1,31,J,2,DSC_0081.jpeg,DSC_0078.jpeg
106,RMT8,1,29,J,2,DSC_0081.jpeg,DSC_0078.jpeg
106,RMT8,1,28,J,2,DSC_0081.jpeg,DSC_0078.jpeg
106,RMT8,1,31,J,2,DSC_0081.jpeg,DSC_0078.jpeg
106,RMT8,1,37,MS3,2,DSC_0081.jpeg,DSC_0078.jpeg
106,RMT8,1,56,FA4,2,DSC_0081.jpeg,DSC_0078.jpeg
106,RMT8,1,34,J,2,DSC_0081.jpeg,DSC_0078.jpeg
106,RMT8,1,29,J,2,DSC_0081.jpeg,DSC_0078.jpeg
106,RMT8,1,32,J,2,DSC_0081.jpeg,DSC_0078.jpeg
106,RMT8,1,28,J,2,DSC_0081.jpeg,DSC_0078.jpeg
106,RMT8,1,29,J,2,DSC_0081.jpeg,DSC_0078.jpeg
106,RMT8,1,31,J,2,DSC_0081.jpeg,DSC_0078.jpeg
106,RMT8,1,29,J,2,DSC_0081.jpeg,DSC_0078.jpeg
106,RMT8,1,31,MS1,2,DSC_0081.jpeg,DSC_0078.jpeg
106,RMT8,1,22,J,2,DSC_0081.jpeg,DSC_0078.jpeg
106,RMT8,1,29,J,2,DSC_0081.jpeg,DSC_0078.jpeg
106,RMT8,1,31,J,2,DSC_0081.jpeg,DSC_0078.jpeg
106,RMT8,1,30,J,2,DSC_0081.jpeg,DSC_0078.jpeg
106,RMT8,1,30,J,2,DSC_0081.jpeg,DSC_0078.jpeg
106,RMT8,1,29,J,2,DSC_0081.jpeg,DSC_0078.jpeg
106,RMT8,1,27,J,2,DSC_0081.jpeg,DSC_0078.jpeg
106,RMT8,1,24,J,2,DSC_0081.jpeg,DSC_0078.jpeg
106,RMT8,1,31,J,2,DSC_0081.jpeg,DSC_0078.jpeg
106,RMT8,1,28,J,2,DSC_0081.jpeg,DSC_0078.jpeg
106,RMT8,1,29,J,2,DSC_0081.jpeg,DSC_0078.jpeg
106,RMT8,1,31,J,2,DSC_0081.jpeg,DSC_0078.jpeg
106,RMT8,1,29,J,2,DSC_0081.jpeg,DSC_0078.jpeg
106,RMT8,1,30,J,2,DSC_0081.jpeg,DSC_0078.jpeg
106,RMT8,2,29,J,1,DSC_0085.jpeg,DSC_0083.jpeg
106,RMT8,2,32,J,1,DSC_0085.jpeg,DSC_0083.jpeg
106,RMT8,2,27,J,1,DSC_0085.jpeg,DSC_0083.jpeg
106,RMT8,2,28,J,1,DSC_0085.jpeg,DSC_0083.jpeg
106,RMT8,2,28,J,1,DSC_0085.jpeg,DSC_0083.jpeg
106,RMT8,2,29,J,1,DSC_0085.jpeg,DSC_0083.jpeg
106,RMT8,2,31,J,1,DSC_0085.jpeg,DSC_0083.jpeg
106,RMT8,2,23,J,1,DSC_0085.jpeg,DSC_0083.jpeg
106,RMT8,2,26,J,1,DSC_0085.jpeg,DSC_0083.jpeg
106,RMT8,2,23,J,1,DSC_0085.jpeg,DSC_0083.jpeg
106,RMT8,2,31,J,1,DSC_0085.jpeg,DSC_0083.jpeg
106,RMT8,2,29,J,1,DSC_0085.jpeg,DSC_0083.jpeg
106,RMT8,2,26,J,1,DSC_0085.jpeg,DSC_0083.jpeg
106,RMT8,2,31,J,1,DSC_0085.jpeg,DSC_0083.jpeg
106,RMT8,2,29,J,1,DSC_0085.jpeg,DSC_0083.jpeg
106,RMT8,2,32,J,1,DSC_0085.jpeg,DSC_0083.jpeg
106,RMT8,2,27,J,1,DSC_0085.jpeg,DSC_0083.jpeg
106,RMT8,2,28,J,1,DSC_0085.jpeg,DSC_0083.jpeg
106,RMT8,2,31,J,1,DSC_0085.jpeg,DSC_0083.jpeg
106,RMT8,2,31,J,1,DSC_0085.jpeg,DSC_0083.jpeg
106,RMT8,2,27,J,1,DSC_0085.jpeg,DSC_0083.jpeg
106,RMT8,2,30,J,1,DSC_0085.jpeg,DSC_0083.jpeg
106,RMT8,2,31,J,1,DSC_0085.jpeg,DSC_0083.jpeg
106,RMT8,2,27,J,1,DSC_0085.jpeg,DSC_0083.jpeg
106,RMT8,2,32,J,1,DSC_0085.jpeg,DSC_0083.jpeg
106,RMT8,2,27,J,1,DSC_0085.jpeg,DSC_0083.jpeg
106,RMT8,2,28,J,1,DSC_0085.jpeg,DSC_0083.jpeg
106,RMT8,2,25,J,1,DSC_0085.jpeg,DSC_0083.jpeg
106,RMT8,2,31,J,1,DSC_0085.jpeg,DSC_0083.jpeg
106,RMT8,2,26,J,1,DSC_0085.jpeg,DSC_0083.jpeg
106,RMT8,2,29,,1,DSC_0085.jpeg,DSC_0083.jpeg
106,RMT8,2,30,J,1,DSC_0085.jpeg,DSC_0083.jpeg
106,RMT8,2,27,J,1,DSC_0085.jpeg,DSC_0083.jpeg
106,RMT8,2,31,J,1,DSC_0085.jpeg,DSC_0083.jpeg
106,RMT8,2,26,J,1,DSC_0085.jpeg,DSC_0083.jpeg
106,RMT8,2,29,J,1,DSC_0085.jpeg,DSC_0083.jpeg
106,RMT8,2,31,J,1,DSC_0085.jpeg,DSC_0083.jpeg
106,RMT8,2,32,J,1,DSC_0085.jpeg,DSC_0083.jpeg
106,RMT8,2,26,J,1,DSC_0085.jpeg,DSC_0083.jpeg
106,RMT8,2,30,J,2,DSC_0086.jpeg,DSC_0084.jpeg
106,RMT8,2,26,J,2,DSC_0086.jpeg,DSC_0084.jpeg
106,RMT8,2,25,J,2,DSC_0086.jpeg,DSC_0084.jpeg
106,RMT8,2,32,J,2,DSC_0086.jpeg,DSC_0084.jpeg
106,RMT8,2,27,J,2,DSC_0086.jpeg,DSC_0084.jpeg
106,RMT8,2,26,J,2,DSC_0086.jpeg,DSC_0084.jpeg
106,RMT8,2,29,J,2,DSC_0086.jpeg,DSC_0084.jpeg
106,RMT8,2,27,J,2,DSC_0086.jpeg,DSC_0084.jpeg
106,RMT8,2,29,J,2,DSC_0086.jpeg,DSC_0084.jpeg
106,RMT8,2,31,J,2,DSC_0086.jpeg,DSC_0084.jpeg
106,RMT8,2,27,J,2,DSC_0086.jpeg,DSC_0084.jpeg
106,RMT8,2,28,J,2,DSC_0086.jpeg,DSC_0084.jpeg
106,RMT8,2,31,J,2,DSC_0086.jpeg,DSC_0084.jpeg
106,RMT8,2,30,J,2,DSC_0086.jpeg,DSC_0084.jpeg
106,RMT8,2,32,J,2,DSC_0086.jpeg,DSC_0084.jpeg
106,RMT8,2,28,J,2,DSC_0086.jpeg,DSC_0084.jpeg
106,RMT8,2,32,J,2,DSC_0086.jpeg,DSC_0084.jpeg
106,RMT8,2,29,J,2,DSC_0086.jpeg,DSC_0084.jpeg
106,RMT8,2,29,J,2,DSC_0086.jpeg,DSC_0084.jpeg
106,RMT8,2,30,J,2,DSC_0086.jpeg,DSC_0084.jpeg
106,RMT8,2,26,J,2,DSC_0086.jpeg,DSC_0084.jpeg
106,RMT8,2,32,J,2,DSC_0086.jpeg,DSC_0084.jpeg
106,RMT8,2,28,J,2,DSC_0086.jpeg,DSC_0084.jpeg
106,RMT8,2,31,J,2,DSC_0086.jpeg,DSC_0084.jpeg
106,RMT8,2,28,J,2,DSC_0086.jpeg,DSC_0084.jpeg
106,RMT8,2,28,J,2,DSC_0086.jpeg,DSC_0084.jpeg
106,RMT8,2,29,J,2,DSC_0086.jpeg,DSC_0084.jpeg
106,RMT8,2,29,J,2,DSC_0086.jpeg,DSC_0084.jpeg
106,RMT8,2,28,J,2,DSC_0086.jpeg,DSC_0084.jpeg
106,RMT8,2,27,J,2,DSC_0086.jpeg,DSC_0084.jpeg
106,RMT8,2,28,J,2,DSC_0086.jpeg,DSC_0084.jpeg
106,RMT8,2,29,J,2,DSC_0086.jpeg,DSC_0084.jpeg
106,RMT8,2,31,J,2,DSC_0086.jpeg,DSC_0084.jpeg
106,RMT8,2,31,J,2,DSC_0086.jpeg,DSC_0084.jpeg
106,RMT8,2,28,J,2,DSC_0086.jpeg,DSC_0084.jpeg
106,RMT8,2,29,J,2,DSC_0086.jpeg,DSC_0084.jpeg
106,RMT8,2,26,J,2,DSC_0086.jpeg,DSC_0084.jpeg
106,RMT8,2,30,J,2,DSC_0086.jpeg,DSC_0084.jpeg
106,RMT8,2,27,J,2,DSC_0086.jpeg,DSC_0084.jpeg
106,RMT8,2,32,J,3,DSC_0088.jpeg,DSC_0087.jpeg
106,RMT8,2,33,J,3,DSC_0088.jpeg,DSC_0087.jpeg
106,RMT8,2,27,J,3,DSC_0088.jpeg,DSC_0087.jpeg
106,RMT8,2,31,J,3,DSC_0088.jpeg,DSC_0087.jpeg
106,RMT8,2,31,J,3,DSC_0088.jpeg,DSC_0087.jpeg
106,RMT8,2,29,J,3,DSC_0088.jpeg,DSC_0087.jpeg
106,RMT8,2,29,J,3,DSC_0088.jpeg,DSC_0087.jpeg
106,RMT8,2,29,J,3,DSC_0088.jpeg,DSC_0087.jpeg
106,RMT8,2,29,J,3,DSC_0088.jpeg,DSC_0087.jpeg
106,RMT8,2,35,MS1,3,DSC_0088.jpeg,DSC_0087.jpeg
106,RMT8,2,31,J,3,DSC_0088.jpeg,DSC_0087.jpeg
106,RMT8,2,31,J,3,DSC_0088.jpeg,DSC_0087.jpeg
106,RMT8,2,28,J,3,DSC_0088.jpeg,DSC_0087.jpeg
106,RMT8,2,26,J,3,DSC_0088.jpeg,DSC_0087.jpeg
106,RMT8,2,29,J,3,DSC_0088.jpeg,DSC_0087.jpeg
106,RMT8,2,30,J,3,DSC_0088.jpeg,DSC_0087.jpeg
106,RMT8,2,30,J,3,DSC_0088.jpeg,DSC_0087.jpeg
106,RMT8,2,29,J,3,DSC_0088.jpeg,DSC_0087.jpeg
106,RMT8,2,29,J,3,DSC_0088.jpeg,DSC_0087.jpeg
106,RMT8,2,26,J,3,DSC_0088.jpeg,DSC_0087.jpeg
106,RMT8,2,23,J,3,DSC_0088.jpeg,DSC_0087.jpeg
106,RMT8,2,28,J,3,DSC_0088.jpeg,DSC_0087.jpeg
106,RMT8,2,30,J,3,DSC_0088.jpeg,DSC_0087.jpeg
106,RMT8,2,31,J,3,DSC_0088.jpeg,DSC_0087.jpeg
106,RMT8,2,28,J,3,DSC_0088.jpeg,DSC_0087.jpeg
106,RMT8,2,26,J,3,DSC_0088.jpeg,DSC_0087.jpeg
106,RMT8,2,30,J,3,DSC_0088.jpeg,DSC_0087.jpeg
106,RMT8,2,22,J,3,DSC_0088.jpeg,DSC_0087.jpeg
106,RMT8,2,28,J,3,DSC_0088.jpeg,DSC_0087.jpeg
106,RMT8,2,28,J,3,DSC_0088.jpeg,DSC_0087.jpeg
106,RMT8,2,38,MS2,3,DSC_0088.jpeg,DSC_0087.jpeg
107,RMT8,1,29,J,3,DSC_0091.jpeg,DSC_0092.jpeg
107,RMT8,1,27,J,3,DSC_0091.jpeg,DSC_0092.jpeg
107,RMT8,1,30,J,3,DSC_0091.jpeg,DSC_0092.jpeg
107,RMT8,1,28,J,3,DSC_0091.jpeg,DSC_0092.jpeg
107,RMT8,1,31,J,3,DSC_0091.jpeg,DSC_0092.jpeg
107,RMT8,1,30,J,3,DSC_0091.jpeg,DSC_0092.jpeg
107,RMT8,1,29,J,3,DSC_0091.jpeg,DSC_0092.jpeg
107,RMT8,1,34,FS1,3,DSC_0091.jpeg,DSC_0092.jpeg
107,RMT8,1,34,MS1,3,DSC_0091.jpeg,DSC_0092.jpeg
107,RMT8,1,31,J,3,DSC_0091.jpeg,DSC_0092.jpeg
107,RMT8,1,37,FS1,3,DSC_0091.jpeg,DSC_0092.jpeg
107,RMT8,1,38,MS1,3,DSC_0091.jpeg,DSC_0092.jpeg
107,RMT8,1,34,FS1,3,DSC_0091.jpeg,DSC_0092.jpeg
107,RMT8,1,31,J,3,DSC_0091.jpeg,DSC_0092.jpeg
107,RMT8,1,29,J,3,DSC_0091.jpeg,DSC_0092.jpeg
107,RMT8,1,27,J,3,DSC_0091.jpeg,DSC_0092.jpeg
107,RMT8,1,25,J,3,DSC_0091.jpeg,DSC_0092.jpeg
107,RMT8,1,24,J,3,DSC_0091.jpeg,DSC_0092.jpeg
107,RMT8,1,28,J,3,DSC_0091.jpeg,DSC_0092.jpeg
107,RMT8,1,27,J,3,DSC_0091.jpeg,DSC_0092.jpeg
107,RMT8,1,28,J,3,DSC_0091.jpeg,DSC_0092.jpeg
107,RMT8,1,31,J,3,DSC_0091.jpeg,DSC_0092.jpeg
107,RMT8,1,30,J,3,DSC_0091.jpeg,DSC_0092.jpeg
107,RMT8,1,25,J,3,DSC_0091.jpeg,DSC_0092.jpeg
107,RMT8,1,29,J,3,DSC_0091.jpeg,DSC_0092.jpeg
107,RMT8,1,31,J,3,DSC_0091.jpeg,DSC_0092.jpeg
107,RMT8,1,30,J,3,DSC_0091.jpeg,DSC_0092.jpeg
107,RMT8,1,29,J,3,DSC_0091.jpeg,DSC_0092.jpeg
107,RMT8,1,28,J,3,DSC_0091.jpeg,DSC_0092.jpeg
107,RMT8,1,31,J,3,DSC_0091.jpeg,DSC_0092.jpeg
107,RMT8,1,30,J,3,DSC_0091.jpeg,DSC_0092.jpeg
107,RMT8,1,30,J,3,DSC_0091.jpeg,DSC_0092.jpeg
107,RMT8,1,27,J,3,DSC_0091.jpeg,DSC_0092.jpeg
107,RMT8,1,38,FS1,3,DSC_0091.jpeg,DSC_0092.jpeg
107,RMT8,1,27,J,3,DSC_0091.jpeg,DSC_0092.jpeg
107,RMT8,1,31,J,1,DSC_0090.jpeg,DSC_0093.jpeg
107,RMT8,1,28,J,1,DSC_0090.jpeg,DSC_0093.jpeg
107,RMT8,1,30,JJ,1,DSC_0090.jpeg,DSC_0093.jpeg
107,RMT8,1,29,J,1,DSC_0090.jpeg,DSC_0093.jpeg
107,RMT8,1,29,J,1,DSC_0090.jpeg,DSC_0093.jpeg
107,RMT8,1,29,J,1,DSC_0090.jpeg,DSC_0093.jpeg
107,RMT8,1,27,J,1,DSC_0090.jpeg,DSC_0093.jpeg
107,RMT8,1,28,J,1,DSC_0090.jpeg,DSC_0093.jpeg
107,RMT8,1,30,J,1,DSC_0090.jpeg,DSC_0093.jpeg
107,RMT8,1,26,J,1,DSC_0090.jpeg,DSC_0093.jpeg
107,RMT8,1,29,J,1,DSC_0090.jpeg,DSC_0093.jpeg
107,RMT8,1,29,J,1,DSC_0090.jpeg,DSC_0093.jpeg
107,RMT8,1,34,J,1,DSC_0090.jpeg,DSC_0093.jpeg
107,RMT8,1,34,J,1,DSC_0090.jpeg,DSC_0093.jpeg
107,RMT8,1,25,J,1,DSC_0090.jpeg,DSC_0093.jpeg
107,RMT8,1,31,J,1,DSC_0090.jpeg,DSC_0093.jpeg
107,RMT8,1,31,J,1,DSC_0090.jpeg,DSC_0093.jpeg
107,RMT8,1,29,J,1,DSC_0090.jpeg,DSC_0093.jpeg
107,RMT8,1,26,J,1,DSC_0090.jpeg,DSC_0093.jpeg
107,RMT8,1,28,J,1,DSC_0090.jpeg,DSC_0093.jpeg
107,RMT8,1,24,J,1,DSC_0090.jpeg,DSC_0093.jpeg
107,RMT8,1,30,J,1,DSC_0090.jpeg,DSC_0093.jpeg
107,RMT8,1,32,J,1,DSC_0090.jpeg,DSC_0093.jpeg
107,RMT8,1,29,J,1,DSC_0090.jpeg,DSC_0093.jpeg
107,RMT8,1,30,J,1,DSC_0090.jpeg,DSC_0093.jpeg
107,RMT8,1,29,J,1,DSC_0090.jpeg,DSC_0093.jpeg
107,RMT8,1,26,J,1,DSC_0090.jpeg,DSC_0093.jpeg
107,RMT8,1,28,J,1,DSC_0090.jpeg,DSC_0093.jpeg
107,RMT8,1,32,J,1,DSC_0090.jpeg,DSC_0093.jpeg
107,RMT8,1,27,J,1,DSC_0090.jpeg,DSC_0093.jpeg
107,RMT8,1,33,MS1,1,DSC_0090.jpeg,DSC_0093.jpeg
107,RMT8,1,29,J,2,DSC_0089.jpeg,DSC_0094.jpeg
107,RMT8,1,28,J,2,DSC_0089.jpeg,DSC_0094.jpeg
107,RMT8,1,31,J,2,DSC_0089.jpeg,DSC_0094.jpeg
107,RMT8,1,31,J,2,DSC_0089.jpeg,DSC_0094.jpeg
107,RMT8,1,29,J,2,DSC_0089.jpeg,DSC_0094.jpeg
107,RMT8,1,28,J,2,DSC_0089.jpeg,DSC_0094.jpeg
107,RMT8,1,27,J,2,DSC_0089.jpeg,DSC_0094.jpeg
107,RMT8,1,27,J,2,DSC_0089.jpeg,DSC_0094.jpeg
107,RMT8,1,25,J,2,DSC_0089.jpeg,DSC_0094.jpeg
107,RMT8,1,29,J,2,DSC_0089.jpeg,DSC_0094.jpeg
107,RMT8,1,27,J,2,DSC_0089.jpeg,DSC_0094.jpeg
107,RMT8,1,31,J,2,DSC_0089.jpeg,DSC_0094.jpeg
107,RMT8,1,25,J,2,DSC_0089.jpeg,DSC_0094.jpeg
107,RMT8,1,28,J,2,DSC_0089.jpeg,DSC_0094.jpeg
107,RMT8,1,28,J,2,DSC_0089.jpeg,DSC_0094.jpeg
107,RMT8,1,29,J,2,DSC_0089.jpeg,DSC_0094.jpeg
107,RMT8,1,28,J,2,DSC_0089.jpeg,DSC_0094.jpeg
107,RMT8,1,29,J,2,DSC_0089.jpeg,DSC_0094.jpeg
107,RMT8,1,29,J,2,DSC_0089.jpeg,DSC_0094.jpeg
107,RMT8,1,33,J,2,DSC_0089.jpeg,DSC_0094.jpeg
107,RMT8,1,30,J,2,DSC_0089.jpeg,DSC_0094.jpeg
107,RMT8,1,30,J,2,DSC_0089.jpeg,DSC_0094.jpeg
107,RMT8,1,29,J,2,DSC_0089.jpeg,DSC_0094.jpeg
107,RMT8,1,29,J,2,DSC_0089.jpeg,DSC_0094.jpeg
107,RMT8,1,29,J,2,DSC_0089.jpeg,DSC_0094.jpeg
107,RMT8,1,29,J,2,DSC_0089.jpeg,DSC_0094.jpeg
107,RMT8,1,34,MS1,2,DSC_0089.jpeg,DSC_0094.jpeg
107,RMT8,1,33,MS1,2,DSC_0089.jpeg,DSC_0094.jpeg
107,RMT8,1,30,J,2,DSC_0089.jpeg,DSC_0094.jpeg
107,RMT8,1,31,J,2,DSC_0089.jpeg,DSC_0094.jpeg
107,RMT8,1,29,J,2,DSC_0089.jpeg,DSC_0094.jpeg
107,RMT8,1,27,J,2,DSC_0089.jpeg,DSC_0094.jpeg
107,RMT8,1,29,J,2,DSC_0089.jpeg,DSC_0094.jpeg
107,RMT8,1,29,J,2,DSC_0089.jpeg,DSC_0094.jpeg
107,RMT8,1,29,J,2,DSC_0089.jpeg,DSC_0094.jpeg
107,RMT8,1,31,J,2,DSC_0089.jpeg,DSC_0094.jpeg
107,RMT8,1,31,J,2,DSC_0089.jpeg,DSC_0094.jpeg
107,RMT8,1,31,J,2,DSC_0089.jpeg,DSC_0094.jpeg
107,RMT8,1,27,J,2,DSC_0089.jpeg,DSC_0094.jpeg
107,RMT8,1,35,MS1,2,DSC_0089.jpeg,DSC_0094.jpeg
107,RMT8,1,30,J,2,DSC_0089.jpeg,DSC_0094.jpeg
107,RMT8,1,28,J,2,DSC_0089.jpeg,DSC_0094.jpeg
107,RMT8,1,28,J,2,DSC_0089.jpeg,DSC_0094.jpeg
107,RMT8,1,24,J,2,DSC_0089.jpeg,DSC_0094.jpeg
107,RMT8,1,26,J,2,DSC_0089.jpeg,DSC_0094.jpeg
107,RMT8,1,28,J,2,DSC_0089.jpeg,DSC_0094.jpeg
107,RMT8,1,30,J,2,DSC_0089.jpeg,DSC_0094.jpeg
107,RMT8,1,30,J,2,DSC_0089.jpeg,DSC_0094.jpeg
107,RMT8,1,30,J,2,DSC_0089.jpeg,DSC_0094.jpeg
107,RMT8,2,30,J,3,DSC_0095.jpeg,DSC_0096.jpeg
107,RMT8,2,29,J,3,DSC_0095.jpeg,DSC_0096.jpeg
107,RMT8,2,30,J,3,DSC_0095.jpeg,DSC_0096.jpeg
107,RMT8,2,26,J,3,DSC_0095.jpeg,DSC_0096.jpeg
107,RMT8,2,33,J,3,DSC_0095.jpeg,DSC_0096.jpeg
107,RMT8,2,27,J,3,DSC_0095.jpeg,DSC_0096.jpeg
107,RMT8,2,28,J,3,DSC_0095.jpeg,DSC_0096.jpeg
107,RMT8,2,25,J,3,DSC_0095.jpeg,DSC_0096.jpeg
107,RMT8,2,27,J,3,DSC_0095.jpeg,DSC_0096.jpeg
107,RMT8,2,28,J,3,DSC_0095.jpeg,DSC_0096.jpeg
107,RMT8,2,31,J,3,DSC_0095.jpeg,DSC_0096.jpeg
107,RMT8,2,25,J,3,DSC_0095.jpeg,DSC_0096.jpeg
107,RMT8,2,34,MS1,3,DSC_0095.jpeg,DSC_0096.jpeg
107,RMT8,2,31,J,3,DSC_0095.jpeg,DSC_0096.jpeg
107,RMT8,2,33,J,3,DSC_0095.jpeg,DSC_0096.jpeg
107,RMT8,2,29,J,3,DSC_0095.jpeg,DSC_0096.jpeg
107,RMT8,2,29,J,3,DSC_0095.jpeg,DSC_0096.jpeg
107,RMT8,2,28,J,3,DSC_0095.jpeg,DSC_0096.jpeg
107,RMT8,2,28,J,3,DSC_0095.jpeg,DSC_0096.jpeg
107,RMT8,2,29,J,3,DSC_0095.jpeg,DSC_0096.jpeg
107,RMT8,2,31,J,3,DSC_0095.jpeg,DSC_0096.jpeg
107,RMT8,2,29,J,3,DSC_0095.jpeg,DSC_0096.jpeg
107,RMT8,2,27,J,3,DSC_0095.jpeg,DSC_0096.jpeg
107,RMT8,2,29,J,3,DSC_0095.jpeg,DSC_0096.jpeg
107,RMT8,2,27,J,3,DSC_0095.jpeg,DSC_0096.jpeg
107,RMT8,2,27,J,3,DSC_0095.jpeg,DSC_0096.jpeg
107,RMT8,2,30,J,3,DSC_0095.jpeg,DSC_0096.jpeg
107,RMT8,2,27,J,3,DSC_0095.jpeg,DSC_0096.jpeg
107,RMT8,2,26,J,3,DSC_0095.jpeg,DSC_0096.jpeg
107,RMT8,2,28,J,3,DSC_0095.jpeg,DSC_0096.jpeg
107,RMT8,2,27,J,3,DSC_0095.jpeg,DSC_0096.jpeg
107,RMT8,2,31,J,3,DSC_0095.jpeg,DSC_0096.jpeg
107,RMT8,2,27,J,3,DSC_0095.jpeg,DSC_0096.jpeg
107,RMT8,2,31,J,3,DSC_0095.jpeg,DSC_0096.jpeg
107,RMT8,2,29,J,3,DSC_0095.jpeg,DSC_0096.jpeg
107,RMT8,2,26,J,3,DSC_0095.jpeg,DSC_0096.jpeg
107,RMT8,2,27,J,1,DSC_0097.jpeg,DSC_0098.jpeg
107,RMT8,2,30,J,1,DSC_0097.jpeg,DSC_0098.jpeg
107,RMT8,2,27,J,1,DSC_0097.jpeg,DSC_0098.jpeg
107,RMT8,2,30,J,1,DSC_0097.jpeg,DSC_0098.jpeg
107,RMT8,2,30,J,1,DSC_0097.jpeg,DSC_0098.jpeg
107,RMT8,2,29,J,1,DSC_0097.jpeg,DSC_0098.jpeg
107,RMT8,2,26,J,1,DSC_0097.jpeg,DSC_0098.jpeg
107,RMT8,2,29,J,1,DSC_0097.jpeg,DSC_0098.jpeg
107,RMT8,2,29,J,1,DSC_0097.jpeg,DSC_0098.jpeg
107,RMT8,2,31,J,1,DSC_0097.jpeg,DSC_0098.jpeg
107,RMT8,2,29,J,1,DSC_0097.jpeg,DSC_0098.jpeg
107,RMT8,2,31,J,1,DSC_0097.jpeg,DSC_0098.jpeg
107,RMT8,2,30,J,1,DSC_0097.jpeg,DSC_0098.jpeg
107,RMT8,2,31,J,1,DSC_0097.jpeg,DSC_0098.jpeg
107,RMT8,2,28,J,1,DSC_0097.jpeg,DSC_0098.jpeg
107,RMT8,2,26,J,1,DSC_0097.jpeg,DSC_0098.jpeg
107,RMT8,2,25,J,1,DSC_0097.jpeg,DSC_0098.jpeg
107,RMT8,2,28,J,1,DSC_0097.jpeg,DSC_0098.jpeg
107,RMT8,2,31,J,1,DSC_0097.jpeg,DSC_0098.jpeg
107,RMT8,2,31,J,1,DSC_0097.jpeg,DSC_0098.jpeg
107,RMT8,2,30,J,1,DSC_0097.jpeg,DSC_0098.jpeg
107,RMT8,2,28,J,1,DSC_0097.jpeg,DSC_0098.jpeg
107,RMT8,2,28,J,1,DSC_0097.jpeg,DSC_0098.jpeg
107,RMT8,2,31,J,1,DSC_0097.jpeg,DSC_0098.jpeg
107,RMT8,2,35,MS1,1,DSC_0097.jpeg,DSC_0098.jpeg
107,RMT8,2,28,J,1,DSC_0097.jpeg,DSC_0098.jpeg
107,RMT8,2,40,FS1,1,DSC_0097.jpeg,DSC_0098.jpeg
107,RMT8,2,28,J,1,DSC_0097.jpeg,DSC_0098.jpeg
107,RMT8,2,30,J,1,DSC_0097.jpeg,DSC_0098.jpeg
107,RMT8,2,31,J,1,DSC_0097.jpeg,DSC_0098.jpeg
107,RMT8,2,30,J,1,DSC_0097.jpeg,DSC_0098.jpeg
107,RMT8,2,29,J,1,DSC_0097.jpeg,DSC_0098.jpeg
107,RMT8,2,29,J,1,DSC_0097.jpeg,DSC_0098.jpeg
107,RMT8,2,37,J,1,DSC_0097.jpeg,DSC_0098.jpeg
107,RMT8,2,38,MS1,1,DSC_0097.jpeg,DSC_0098.jpeg
107,RMT8,2,30,J,2,DSC_0099.jpeg,DSC_0100.jpeg
107,RMT8,2,33,J,2,DSC_0099.jpeg,DSC_0100.jpeg
107,RMT8,2,27,J,2,DSC_0099.jpeg,DSC_0100.jpeg
107,RMT8,2,31,J,2,DSC_0099.jpeg,DSC_0100.jpeg
107,RMT8,2,28,J,2,DSC_0099.jpeg,DSC_0100.jpeg
107,RMT8,2,25,J,2,DSC_0099.jpeg,DSC_0100.jpeg
107,RMT8,2,26,J,2,DSC_0099.jpeg,DSC_0100.jpeg
107,RMT8,2,30,J,2,DSC_0099.jpeg,DSC_0100.jpeg
107,RMT8,2,34,J,2,DSC_0099.jpeg,DSC_0100.jpeg
107,RMT8,2,35,MS1,2,DSC_0099.jpeg,DSC_0100.jpeg
107,RMT8,2,31,J,2,DSC_0099.jpeg,DSC_0100.jpeg
107,RMT8,2,35,MS1,2,DSC_0099.jpeg,DSC_0100.jpeg
107,RMT8,2,32,J,2,DSC_0099.jpeg,DSC_0100.jpeg
107,RMT8,2,30,J,2,DSC_0099.jpeg,DSC_0100.jpeg
107,RMT8,2,29,J,2,DSC_0099.jpeg,DSC_0100.jpeg
107,RMT8,2,29,J,2,DSC_0099.jpeg,DSC_0100.jpeg
107,RMT8,2,32,J,2,DSC_0099.jpeg,DSC_0100.jpeg
107,RMT8,2,29,J,2,DSC_0099.jpeg,DSC_0100.jpeg
107,RMT8,2,29,J,2,DSC_0099.jpeg,DSC_0100.jpeg
107,RMT8,2,28,J,2,DSC_0099.jpeg,DSC_0100.jpeg
107,RMT8,2,30,J,2,DSC_0099.jpeg,DSC_0100.jpeg
107,RMT8,2,29,J,2,DSC_0099.jpeg,DSC_0100.jpeg
107,RMT8,2,30,J,2,DSC_0099.jpeg,DSC_0100.jpeg
107,RMT8,2,25,J,2,DSC_0099.jpeg,DSC_0100.jpeg
107,RMT8,2,27,J,2,DSC_0099.jpeg,DSC_0100.jpeg
107,RMT8,2,28,J,2,DSC_0099.jpeg,DSC_0100.jpeg
107,RMT8,2,27,J,2,DSC_0099.jpeg,DSC_0100.jpeg
107,RMT8,2,29,J,2,DSC_0099.jpeg,DSC_0100.jpeg
107,RMT8,2,27,J,2,DSC_0099.jpeg,DSC_0100.jpeg
107,RMT8,2,28,J,2,DSC_0099.jpeg,DSC_0100.jpeg
107,RMT8,2,30,J,2,DSC_0099.jpeg,DSC_0100.jpeg
107,RMT8,2,30,J,2,DSC_0099.jpeg,DSC_0100.jpeg
107,RMT8,2,27,J,2,DSC_0099.jpeg,DSC_0100.jpeg
107,RMT8,2,34,MS1,2,DSC_0099.jpeg,DSC_0100.jpeg
112,RMT8,1,52,MA2,2,DSC_0102.jpeg,DSC_0104.jpeg
112,RMT8,1,48,MA2,2,DSC_0102.jpeg,DSC_0104.jpeg
112,RMT8,1,52,MA1,2,DSC_0102.jpeg,DSC_0104.jpeg
112,RMT8,1,52,MA2,2,DSC_0102.jpeg,DSC_0104.jpeg
112,RMT8,1,51,MA1,2,DSC_0102.jpeg,DSC_0104.jpeg
112,RMT8,1,52,FA3,2,DSC_0102.jpeg,DSC_0104.jpeg
112,RMT8,1,47,MA1,2,DSC_0102.jpeg,DSC_0104.jpeg
112,RMT8,1,49,FA2,2,DSC_0102.jpeg,DSC_0104.jpeg
112,RMT8,1,54,FA3,2,DSC_0102.jpeg,DSC_0104.jpeg
112,RMT8,1,47,MA1,2,DSC_0102.jpeg,DSC_0104.jpeg
112,RMT8,1,49,MA2,2,DSC_0102.jpeg,DSC_0104.jpeg
112,RMT8,1,52,MA2,2,DSC_0102.jpeg,DSC_0104.jpeg
112,RMT8,1,51,FA3,2,DSC_0102.jpeg,DSC_0104.jpeg
112,RMT8,1,47,FA3,2,DSC_0102.jpeg,DSC_0104.jpeg
112,RMT8,1,51,FA3,2,DSC_0102.jpeg,DSC_0104.jpeg
112,RMT8,1,56,FA3,2,DSC_0102.jpeg,DSC_0104.jpeg
112,RMT8,1,54,MA2,2,DSC_0102.jpeg,DSC_0104.jpeg
112,RMT8,1,52,FA3,2,DSC_0102.jpeg,DSC_0104.jpeg
112,RMT8,1,53,MA2,2,DSC_0102.jpeg,DSC_0104.jpeg
112,RMT8,1,54,FA3,2,DSC_0102.jpeg,DSC_0104.jpeg
112,RMT8,1,54,FA3,3,DSC_0101.jpeg,DSC_0105.jpeg
112,RMT8,1,52,MA2,3,DSC_0101.jpeg,DSC_0105.jpeg
112,RMT8,1,56,MA2,3,DSC_0101.jpeg,DSC_0105.jpeg
112,RMT8,1,55,MA2,3,DSC_0101.jpeg,DSC_0105.jpeg
112,RMT8,1,39,FS1,3,DSC_0101.jpeg,DSC_0105.jpeg
112,RMT8,1,46,MA2,3,DSC_0101.jpeg,DSC_0105.jpeg
112,RMT8,1,52,MA2,3,DSC_0101.jpeg,DSC_0105.jpeg
112,RMT8,1,53,MA2,3,DSC_0101.jpeg,DSC_0105.jpeg
112,RMT8,1,51,FA2,3,DSC_0101.jpeg,DSC_0105.jpeg
112,RMT8,1,48,MA1,3,DSC_0101.jpeg,DSC_0105.jpeg
112,RMT8,1,55,MA2,3,DSC_0101.jpeg,DSC_0105.jpeg
112,RMT8,1,37,FS1,3,DSC_0101.jpeg,DSC_0105.jpeg
112,RMT8,1,50,FA2,3,DSC_0101.jpeg,DSC_0105.jpeg
112,RMT8,1,50,FA3,3,DSC_0101.jpeg,DSC_0105.jpeg
112,RMT8,1,55,FA3,3,DSC_0101.jpeg,DSC_0105.jpeg
112,RMT8,1,47,MA2,3,DSC_0101.jpeg,DSC_0105.jpeg
112,RMT8,1,49,FA2,3,DSC_0101.jpeg,DSC_0105.jpeg
112,RMT8,1,53,FA3,3,DSC_0101.jpeg,DSC_0105.jpeg
112,RMT8,1,51,FA2,3,DSC_0101.jpeg,DSC_0105.jpeg
112,RMT8,1,55,FA3,3,DSC_0101.jpeg,DSC_0105.jpeg
112,RMT8,1,46,MA1,3,DSC_0101.jpeg,DSC_0105.jpeg
112,RMT8,1,56,MA2,3,DSC_0101.jpeg,DSC_0105.jpeg
112,RMT8,1,48,MA2,3,DSC_0101.jpeg,DSC_0105.jpeg
112,RMT8,1,53,FA3,3,DSC_0101.jpeg,DSC_0105.jpeg
112,RMT8,1,42,MS3,3,DSC_0101.jpeg,DSC_0105.jpeg
112,RMT8,1,47,MS3,3,DSC_0101.jpeg,DSC_0105.jpeg
112,RMT8,1,48,MS2,4,DSC_0107.jpeg,DSC_0108.jpeg
112,RMT8,1,54,FA3,4,DSC_0107.jpeg,DSC_0108.jpeg
112,RMT8,1,49,FA3,4,DSC_0107.jpeg,DSC_0108.jpeg
112,RMT8,1,42,MS3,4,DSC_0107.jpeg,DSC_0108.jpeg
112,RMT8,1,54,FA3,4,DSC_0107.jpeg,DSC_0108.jpeg
112,RMT8,1,49,MA2,4,DSC_0107.jpeg,DSC_0108.jpeg
112,RMT8,1,44,MA2,4,DSC_0107.jpeg,DSC_0108.jpeg
112,RMT8,1,56,FA3,4,DSC_0107.jpeg,DSC_0108.jpeg
112,RMT8,1,45,FA1,4,DSC_0107.jpeg,DSC_0108.jpeg
112,RMT8,1,50,FA3,4,DSC_0107.jpeg,DSC_0108.jpeg
112,RMT8,1,48,MA1,4,DSC_0107.jpeg,DSC_0108.jpeg
112,RMT8,1,52,MA2,4,DSC_0107.jpeg,DSC_0108.jpeg
112,RMT8,1,40,FS1,4,DSC_0107.jpeg,DSC_0108.jpeg
112,RMT8,1,52,FA3,4,DSC_0107.jpeg,DSC_0108.jpeg
112,RMT8,1,54,FA3,4,DSC_0107.jpeg,DSC_0108.jpeg
112,RMT8,1,54,MA2,4,DSC_0107.jpeg,DSC_0108.jpeg
112,RMT8,1,49,MA2,4,DSC_0107.jpeg,DSC_0108.jpeg
112,RMT8,1,46,MS3,4,DSC_0107.jpeg,DSC_0108.jpeg
112,RMT8,1,56,FA3,4,DSC_0107.jpeg,DSC_0108.jpeg
112,RMT8,1,50,MA2,4,DSC_0107.jpeg,DSC_0108.jpeg
112,RMT8,1,48,FA3,4,DSC_0107.jpeg,DSC_0108.jpeg
112,RMT8,1,51,MA2,4,DSC_0107.jpeg,DSC_0108.jpeg
112,RMT8,1,49,FA3,4,DSC_0107.jpeg,DSC_0108.jpeg
112,RMT8,1,47,MA2,4,DSC_0107.jpeg,DSC_0108.jpeg
112,RMT8,1,49,FA3,1,DSC_0103.jpeg,DSC_0106.jpeg
112,RMT8,1,52,FA3,1,DSC_0103.jpeg,DSC_0106.jpeg
112,RMT8,1,48,MA2,1,DSC_0103.jpeg,DSC_0106.jpeg
112,RMT8,1,54,FA3,1,DSC_0103.jpeg,DSC_0106.jpeg
112,RMT8,1,49,FA3,1,DSC_0103.jpeg,DSC_0106.jpeg
112,RMT8,1,48,FA2,1,DSC_0103.jpeg,DSC_0106.jpeg
112,RMT8,1,52,MA2,1,DSC_0103.jpeg,DSC_0106.jpeg
112,RMT8,1,53,FA2,1,DSC_0103.jpeg,DSC_0106.jpeg
112,RMT8,1,53,FA3,1,DSC_0103.jpeg,DSC_0106.jpeg
112,RMT8,1,49,MA2,1,DSC_0103.jpeg,DSC_0106.jpeg
112,RMT8,1,46,MA2,1,DSC_0103.jpeg,DSC_0106.jpeg
112,RMT8,1,51,MA2,1,DSC_0103.jpeg,DSC_0106.jpeg
112,RMT8,1,57,FA2,1,DSC_0103.jpeg,DSC_0106.jpeg
112,RMT8,1,49,MA2,1,DSC_0103.jpeg,DSC_0106.jpeg
112,RMT8,1,48,MA2,1,DSC_0103.jpeg,DSC_0106.jpeg
112,RMT8,1,49,FA2,1,DSC_0103.jpeg,DSC_0106.jpeg
112,RMT8,1,44,MS3,1,DSC_0103.jpeg,DSC_0106.jpeg
112,RMT8,1,51,MA2,1,DSC_0103.jpeg,DSC_0106.jpeg
112,RMT8,1,56,FA3,1,DSC_0103.jpeg,DSC_0106.jpeg
112,RMT8,1,53,FA2,1,DSC_0103.jpeg,DSC_0106.jpeg
112,RMT8,1,51,MA2,1,DSC_0103.jpeg,DSC_0106.jpeg
112,RMT8,1,52,MA2,5,DSC_0109.jpeg,DSC_0110.jpeg
112,RMT8,1,47,MA2,5,DSC_0109.jpeg,DSC_0110.jpeg
112,RMT8,1,54,MA3,5,DSC_0109.jpeg,DSC_0110.jpeg
112,RMT8,1,54,MA2,5,DSC_0109.jpeg,DSC_0110.jpeg
112,RMT8,1,52,FA2,5,DSC_0109.jpeg,DSC_0110.jpeg
112,RMT8,1,54,MA2,5,DSC_0109.jpeg,DSC_0110.jpeg
112,RMT8,1,52,MA2,5,DSC_0109.jpeg,DSC_0110.jpeg
112,RMT8,1,51,MA2,5,DSC_0109.jpeg,DSC_0110.jpeg
112,RMT8,1,55,FA2,5,DSC_0109.jpeg,DSC_0110.jpeg
112,RMT8,1,51,MA2,5,DSC_0109.jpeg,DSC_0110.jpeg
112,RMT8,1,45,MS3,5,DSC_0109.jpeg,DSC_0110.jpeg
112,RMT8,1,42,MS3,5,DSC_0109.jpeg,DSC_0110.jpeg
112,RMT8,1,54,MA2,5,DSC_0109.jpeg,DSC_0110.jpeg
112,RMT8,1,49,MA2,5,DSC_0109.jpeg,DSC_0110.jpeg
112,RMT8,1,48,FA2,5,DSC_0109.jpeg,DSC_0110.jpeg
112,RMT8,1,47,MA1,5,DSC_0109.jpeg,DSC_0110.jpeg
112,RMT8,1,47,FA2,5,DSC_0109.jpeg,DSC_0110.jpeg
112,RMT8,1,45,MA1,5,DSC_0109.jpeg,DSC_0110.jpeg
112,RMT8,1,35,MS1,5,DSC_0109.jpeg,DSC_0110.jpeg
112,RMT8,1,44,MS3,5,DSC_0109.jpeg,DSC_0110.jpeg
113,RMT8,1,52,FA2,1,DSC_0111.jpeg,DSC_0112.jpeg
113,RMT8,1,53,MA2,1,DSC_0111.jpeg,DSC_0112.jpeg
113,RMT8,1,53,MA2,1,DSC_0111.jpeg,DSC_0112.jpeg
113,RMT8,1,53,FA3,1,DSC_0111.jpeg,DSC_0112.jpeg
113,RMT8,1,48,FA2,1,DSC_0111.jpeg,DSC_0112.jpeg
113,RMT8,1,51,FA3,1,DSC_0111.jpeg,DSC_0112.jpeg
113,RMT8,1,52,FA3,1,DSC_0111.jpeg,DSC_0112.jpeg
113,RMT8,1,56,MA2,1,DSC_0111.jpeg,DSC_0112.jpeg
113,RMT8,1,50,FA2,1,DSC_0111.jpeg,DSC_0112.jpeg
113,RMT8,1,57,FA3,1,DSC_0111.jpeg,DSC_0112.jpeg
113,RMT8,1,48,FA2,1,DSC_0111.jpeg,DSC_0112.jpeg
113,RMT8,1,46,FA2,1,DSC_0111.jpeg,DSC_0112.jpeg
113,RMT8,1,52,FA3,1,DSC_0111.jpeg,DSC_0112.jpeg
113,RMT8,1,54,MA2,1,DSC_0111.jpeg,DSC_0112.jpeg
113,RMT8,1,51,FA2,1,DSC_0111.jpeg,DSC_0112.jpeg
113,RMT8,1,51,MA2,1,DSC_0111.jpeg,DSC_0112.jpeg
113,RMT8,1,51,MA2,1,DSC_0111.jpeg,DSC_0112.jpeg
113,RMT8,1,50,MA2,1,DSC_0111.jpeg,DSC_0112.jpeg
113,RMT8,1,52,FA3,1,DSC_0111.jpeg,DSC_0112.jpeg
113,RMT8,1,46,MA2,1,DSC_0111.jpeg,DSC_0112.jpeg
113,RMT8,1,55,FA3,3,DSC_0114.jpeg,DSC_0118.jpeg
113,RMT8,1,50,MA2,3,DSC_0114.jpeg,DSC_0118.jpeg
113,RMT8,1,49,FA2,3,DSC_0114.jpeg,DSC_0118.jpeg
113,RMT8,1,56,FA3,3,DSC_0114.jpeg,DSC_0118.jpeg
113,RMT8,1,51,FA2,3,DSC_0114.jpeg,DSC_0118.jpeg
113,RMT8,1,50,MA2,3,DSC_0114.jpeg,DSC_0118.jpeg
113,RMT8,1,54,MA2,3,DSC_0114.jpeg,DSC_0118.jpeg
113,RMT8,1,53,MA2,3,DSC_0114.jpeg,DSC_0118.jpeg
113,RMT8,1,53,FA3,3,DSC_0114.jpeg,DSC_0118.jpeg
113,RMT8,1,53,MA2,3,DSC_0114.jpeg,DSC_0118.jpeg
113,RMT8,1,52,FA3,3,DSC_0114.jpeg,DSC_0118.jpeg
113,RMT8,1,52,FA3,3,DSC_0114.jpeg,DSC_0118.jpeg
113,RMT8,1,58,FA3,3,DSC_0114.jpeg,DSC_0118.jpeg
113,RMT8,1,46,MA2,3,DSC_0114.jpeg,DSC_0118.jpeg
113,RMT8,1,50,FA2,3,DSC_0114.jpeg,DSC_0118.jpeg
113,RMT8,1,52,FA3,3,DSC_0114.jpeg,DSC_0118.jpeg
113,RMT8,1,50,MA2,3,DSC_0114.jpeg,DSC_0118.jpeg
113,RMT8,1,54,FA3,3,DSC_0114.jpeg,DSC_0118.jpeg
113,RMT8,1,56,FA3,3,DSC_0114.jpeg,DSC_0118.jpeg
113,RMT8,1,44,FA2,3,DSC_0114.jpeg,DSC_0118.jpeg
113,RMT8,1,49,MA2,3,DSC_0114.jpeg,DSC_0118.jpeg
113,RMT8,1,48,MA2,3,DSC_0114.jpeg,DSC_0118.jpeg
113,RMT8,1,55,FA3,3,DSC_0114.jpeg,DSC_0118.jpeg
113,RMT8,1,48,MA2,3,DSC_0114.jpeg,DSC_0118.jpeg
113,RMT8,1,46,FA2,3,DSC_0114.jpeg,DSC_0118.jpeg
113,RMT8,1,43,FA2,4,DSC_0117.jpeg,DSC_0120.jpeg
113,RMT8,1,53,FA3,4,DSC_0117.jpeg,DSC_0120.jpeg
113,RMT8,1,48,FA2,4,DSC_0117.jpeg,DSC_0120.jpeg
113,RMT8,1,46,MA2,4,DSC_0117.jpeg,DSC_0120.jpeg
113,RMT8,1,51,MA2,4,DSC_0117.jpeg,DSC_0120.jpeg
113,RMT8,1,53,FA3,4,DSC_0117.jpeg,DSC_0120.jpeg
113,RMT8,1,54,MA2,4,DSC_0117.jpeg,DSC_0120.jpeg
113,RMT8,1,51,FA3,4,DSC_0117.jpeg,DSC_0120.jpeg
113,RMT8,1,52,FA2,4,DSC_0117.jpeg,DSC_0120.jpeg
113,RMT8,1,49,FA3,4,DSC_0117.jpeg,DSC_0120.jpeg
113,RMT8,1,50,MA2,4,DSC_0117.jpeg,DSC_0120.jpeg
113,RMT8,1,56,FA3,4,DSC_0117.jpeg,DSC_0120.jpeg
113,RMT8,1,51,MA2,4,DSC_0117.jpeg,DSC_0120.jpeg
113,RMT8,1,49,FA3,4,DSC_0117.jpeg,DSC_0120.jpeg
113,RMT8,1,49,FA2,4,DSC_0117.jpeg,DSC_0120.jpeg
113,RMT8,1,49,MA2,4,DSC_0117.jpeg,DSC_0120.jpeg
113,RMT8,1,46,MA2,4,DSC_0117.jpeg,DSC_0120.jpeg
113,RMT8,1,47,MA2,4,DSC_0117.jpeg,DSC_0120.jpeg
113,RMT8,1,50,MA2,4,DSC_0117.jpeg,DSC_0120.jpeg
113,RMT8,1,46,FA2,4,DSC_0117.jpeg,DSC_0120.jpeg
113,RMT8,1,52,FA3,4,DSC_0117.jpeg,DSC_0120.jpeg
113,RMT8,1,55,FA3,4,DSC_0117.jpeg,DSC_0120.jpeg
113,RMT8,1,56,MA2,4,DSC_0117.jpeg,DSC_0120.jpeg
113,RMT8,1,57,FA3,5,DSC_0115.jpeg,DSC_0119.jpeg
113,RMT8,1,56,FA3,5,DSC_0115.jpeg,DSC_0119.jpeg
113,RMT8,1,55,FA3,5,DSC_0115.jpeg,DSC_0119.jpeg
113,RMT8,1,54,MA2,5,DSC_0115.jpeg,DSC_0119.jpeg
113,RMT8,1,48,MA2,5,DSC_0115.jpeg,DSC_0119.jpeg
113,RMT8,1,57,MA2,5,DSC_0115.jpeg,DSC_0119.jpeg
113,RMT8,1,53,MA1,5,DSC_0115.jpeg,DSC_0119.jpeg
113,RMT8,1,47,MA2,5,DSC_0115.jpeg,DSC_0119.jpeg
113,RMT8,1,54,MA2,5,DSC_0115.jpeg,DSC_0119.jpeg
113,RMT8,1,56,FA3,5,DSC_0115.jpeg,DSC_0119.jpeg
113,RMT8,1,55,FA3,5,DSC_0115.jpeg,DSC_0119.jpeg
113,RMT8,1,55,FA3,5,DSC_0115.jpeg,DSC_0119.jpeg
113,RMT8,1,53,FA3,5,DSC_0115.jpeg,DSC_0119.jpeg
113,RMT8,1,52,FA2,5,DSC_0115.jpeg,DSC_0119.jpeg
113,RMT8,1,47,MS3,5,DSC_0115.jpeg,DSC_0119.jpeg
113,RMT8,1,47,MA1,5,DSC_0115.jpeg,DSC_0119.jpeg
113,RMT8,1,51,FA3,5,DSC_0115.jpeg,DSC_0119.jpeg
113,RMT8,1,56,FA3,5,DSC_0115.jpeg,DSC_0119.jpeg
113,RMT8,1,50,FA3,5,DSC_0115.jpeg,DSC_0119.jpeg
113,RMT8,1,53,MA2,5,DSC_0115.jpeg,DSC_0119.jpeg
113,RMT8,1,46,FA1,2,DSC_0121.jpeg,DSC_0122.jpeg
113,RMT8,1,50,FA3,2,DSC_0121.jpeg,DSC_0122.jpeg
113,RMT8,1,50,MA2,2,DSC_0121.jpeg,DSC_0122.jpeg
113,RMT8,1,53,FA2,2,DSC_0121.jpeg,DSC_0122.jpeg
113,RMT8,1,50,FA3,2,DSC_0121.jpeg,DSC_0122.jpeg
113,RMT8,1,54,FA3,2,DSC_0121.jpeg,DSC_0122.jpeg
113,RMT8,1,50,FA3,2,DSC_0121.jpeg,DSC_0122.jpeg
113,RMT8,1,56,FA3,2,DSC_0121.jpeg,DSC_0122.jpeg
113,RMT8,1,53,FA3,2,DSC_0121.jpeg,DSC_0122.jpeg
113,RMT8,1,53,MA2,2,DSC_0121.jpeg,DSC_0122.jpeg
113,RMT8,1,46,FA2,2,DSC_0121.jpeg,DSC_0122.jpeg
113,RMT8,1,55,FA3,2,DSC_0121.jpeg,DSC_0122.jpeg
113,RMT8,1,52,FA3,2,DSC_0121.jpeg,DSC_0122.jpeg
113,RMT8,1,52,FA3,2,DSC_0121.jpeg,DSC_0122.jpeg
113,RMT8,1,50,FA3,2,DSC_0121.jpeg,DSC_0122.jpeg
113,RMT8,1,45,MA2,2,DSC_0121.jpeg,DSC_0122.jpeg
113,RMT8,1,54,FA3,2,DSC_0121.jpeg,DSC_0122.jpeg
113,RMT8,1,50,FA3,2,DSC_0121.jpeg,DSC_0122.jpeg
113,RMT8,1,53,FA3,2,DSC_0121.jpeg,DSC_0122.jpeg
113,RMT8,1,53,FA3,2,DSC_0121.jpeg,DSC_0122.jpeg
113,RMT8,2,54,FA3,3,DSC_0123.jpeg,DSC_0124.jpeg
113,RMT8,2,51,MA2,3,DSC_0123.jpeg,DSC_0124.jpeg
113,RMT8,2,55,MA2,3,DSC_0123.jpeg,DSC_0124.jpeg
113,RMT8,2,54,MA2,3,DSC_0123.jpeg,DSC_0124.jpeg
113,RMT8,2,51,MA2,3,DSC_0123.jpeg,DSC_0124.jpeg
113,RMT8,2,55,FA3,3,DSC_0123.jpeg,DSC_0124.jpeg
113,RMT8,2,54,FA3,3,DSC_0123.jpeg,DSC_0124.jpeg
113,RMT8,2,54,FA2,3,DSC_0123.jpeg,DSC_0124.jpeg
113,RMT8,2,48,FA2,3,DSC_0123.jpeg,DSC_0124.jpeg
113,RMT8,2,53,MA2,3,DSC_0123.jpeg,DSC_0124.jpeg
113,RMT8,2,51,FA2,3,DSC_0123.jpeg,DSC_0124.jpeg
113,RMT8,2,51,FA2,3,DSC_0123.jpeg,DSC_0124.jpeg
113,RMT8,2,51,FA3,3,DSC_0123.jpeg,DSC_0124.jpeg
113,RMT8,2,48,FA3,3,DSC_0123.jpeg,DSC_0124.jpeg
113,RMT8,2,54,MA2,3,DSC_0123.jpeg,DSC_0124.jpeg
113,RMT8,2,50,MA2,3,DSC_0123.jpeg,DSC_0124.jpeg
113,RMT8,2,49,MA2,3,DSC_0123.jpeg,DSC_0124.jpeg
113,RMT8,2,51,MA2,3,DSC_0123.jpeg,DSC_0124.jpeg
113,RMT8,2,47,FA2,3,DSC_0123.jpeg,DSC_0124.jpeg
113,RMT8,2,54,MA2,3,DSC_0123.jpeg,DSC_0124.jpeg
113,RMT8,2,50,FA2,3,DSC_0123.jpeg,DSC_0124.jpeg
113,RMT8,2,55,FA3,3,DSC_0123.jpeg,DSC_0124.jpeg
113,RMT8,2,48,FA2,3,DSC_0123.jpeg,DSC_0124.jpeg
113,RMT8,2,50,FA3,3,DSC_0123.jpeg,DSC_0124.jpeg
113,RMT8,2,57,FA3,4,DSC_0125.jpeg,DSC_0126.jpeg
113,RMT8,2,55,FA3,4,DSC_0125.jpeg,DSC_0126.jpeg
113,RMT8,2,44,FA2,4,DSC_0125.jpeg,DSC_0126.jpeg
113,RMT8,2,52,FA2,4,DSC_0125.jpeg,DSC_0126.jpeg
113,RMT8,2,55,FA3,4,DSC_0125.jpeg,DSC_0126.jpeg
113,RMT8,2,54,FA3,4,DSC_0125.jpeg,DSC_0126.jpeg
113,RMT8,2,51,FA2,4,DSC_0125.jpeg,DSC_0126.jpeg
113,RMT8,2,54,MA2,4,DSC_0125.jpeg,DSC_0126.jpeg
113,RMT8,2,55,FA2,4,DSC_0125.jpeg,DSC_0126.jpeg
113,RMT8,2,53,FA3,4,DSC_0125.jpeg,DSC_0126.jpeg
113,RMT8,2,53,FA3,4,DSC_0125.jpeg,DSC_0126.jpeg
113,RMT8,2,57,FA3,4,DSC_0125.jpeg,DSC_0126.jpeg
113,RMT8,2,53,MA2,4,DSC_0125.jpeg,DSC_0126.jpeg
113,RMT8,2,52,MA2,4,DSC_0125.jpeg,DSC_0126.jpeg
113,RMT8,2,50,FA3,4,DSC_0125.jpeg,DSC_0126.jpeg
113,RMT8,2,49,FA2,4,DSC_0125.jpeg,DSC_0126.jpeg
113,RMT8,2,54,MA2,4,DSC_0125.jpeg,DSC_0126.jpeg
113,RMT8,2,52,FA3,4,DSC_0125.jpeg,DSC_0126.jpeg
113,RMT8,2,52,FA3,4,DSC_0125.jpeg,DSC_0126.jpeg
113,RMT8,2,52,MA2,4,DSC_0125.jpeg,DSC_0126.jpeg
113,RMT8,2,52,FA3,4,DSC_0125.jpeg,DSC_0126.jpeg
113,RMT8,2,50,FA3,5,DSC_0127.jpeg,DSC_0129.jpeg
113,RMT8,2,44,FA2,5,DSC_0127.jpeg,DSC_0129.jpeg
113,RMT8,2,52,FA1,5,DSC_0127.jpeg,DSC_0129.jpeg
113,RMT8,2,53,MA2,5,DSC_0127.jpeg,DSC_0129.jpeg
113,RMT8,2,54,MA2,5,DSC_0127.jpeg,DSC_0129.jpeg
113,RMT8,2,55,FA2,5,DSC_0127.jpeg,DSC_0129.jpeg
113,RMT8,2,53,MA2,5,DSC_0127.jpeg,DSC_0129.jpeg
113,RMT8,2,49,FA2,5,DSC_0127.jpeg,DSC_0129.jpeg
113,RMT8,2,52,MA2,5,DSC_0127.jpeg,DSC_0129.jpeg
113,RMT8,2,50,FA3,5,DSC_0127.jpeg,DSC_0129.jpeg
113,RMT8,2,52,MA2,5,DSC_0127.jpeg,DSC_0129.jpeg
113,RMT8,2,50,MA2,5,DSC_0127.jpeg,DSC_0129.jpeg
113,RMT8,2,50,MA2,5,DSC_0127.jpeg,DSC_0129.jpeg
113,RMT8,2,47,FA2,5,DSC_0127.jpeg,DSC_0129.jpeg
113,RMT8,2,50,FA2,5,DSC_0127.jpeg,DSC_0129.jpeg
113,RMT8,2,53,FA2,5,DSC_0127.jpeg,DSC_0129.jpeg
113,RMT8,2,57,MA2,5,DSC_0127.jpeg,DSC_0129.jpeg
113,RMT8,2,52,MA2,5,DSC_0127.jpeg,DSC_0129.jpeg
113,RMT8,2,54,FA2,5,DSC_0127.jpeg,DSC_0129.jpeg
113,RMT8,2,52,MA2,5,DSC_0127.jpeg,DSC_0129.jpeg
113,RMT8,2,52,FA3,5,DSC_0127.jpeg,DSC_0129.jpeg
113,RMT8,2,51,FA3,5,DSC_0127.jpeg,DSC_0129.jpeg
113,RMT8,2,54,FA3,2,DSC_0128.jpeg,DSC_0130.jpeg
113,RMT8,2,48,FA2,2,DSC_0128.jpeg,DSC_0130.jpeg
113,RMT8,2,53,FA2,2,DSC_0128.jpeg,DSC_0130.jpeg
113,RMT8,2,56,FA3,2,DSC_0128.jpeg,DSC_0130.jpeg
113,RMT8,2,55,MA2,2,DSC_0128.jpeg,DSC_0130.jpeg
113,RMT8,2,49,FA2,2,DSC_0128.jpeg,DSC_0130.jpeg
113,RMT8,2,45,FA2,2,DSC_0128.jpeg,DSC_0130.jpeg
113,RMT8,2,49,FA2,2,DSC_0128.jpeg,DSC_0130.jpeg
113,RMT8,2,47,FA2,2,DSC_0128.jpeg,DSC_0130.jpeg
113,RMT8,2,47,MA1,2,DSC_0128.jpeg,DSC_0130.jpeg
113,RMT8,2,49,FA2,2,DSC_0128.jpeg,DSC_0130.jpeg
113,RMT8,2,46,FA3,2,DSC_0128.jpeg,DSC_0130.jpeg
113,RMT8,2,50,FA3,2,DSC_0128.jpeg,DSC_0130.jpeg
113,RMT8,2,45,FA2,2,DSC_0128.jpeg,DSC_0130.jpeg
113,RMT8,2,51,FA3,2,DSC_0128.jpeg,DSC_0130.jpeg
113,RMT8,2,49,FA3,2,DSC_0128.jpeg,DSC_0130.jpeg
113,RMT8,2,49,FA2,2,DSC_0128.jpeg,DSC_0130.jpeg
113,RMT8,2,51,FA2,2,DSC_0128.jpeg,DSC_0130.jpeg
113,RMT8,2,56,FA3,2,DSC_0128.jpeg,DSC_0130.jpeg
113,RMT8,2,40,FA1,2,DSC_0128.jpeg,DSC_0130.jpeg
113,RMT8,2,52,FA2,2,DSC_0128.jpeg,DSC_0130.jpeg
113,RMT8,2,52,FA3,2,DSC_0128.jpeg,DSC_0130.jpeg
113,RMT8,2,53,FA3,2,DSC_0128.jpeg,DSC_0130.jpeg
113,RMT8,2,51,FA3,2,DSC_0128.jpeg,DSC_0130.jpeg
113,RMT8,2,53,FA3,2,DSC_0128.jpeg,DSC_0130.jpeg
113,RMT8,2,56,MA2,2,DSC_0128.jpeg,DSC_0130.jpeg
113,RMT8,2,45,MA1,2,DSC_0128.jpeg,DSC_0130.jpeg
113,RMT8,2,55,FA2,1,DSC_0131.jpeg,DSC_0132.jpeg
113,RMT8,2,51,FA3,1,DSC_0131.jpeg,DSC_0132.jpeg
113,RMT8,2,51,FA3,1,DSC_0131.jpeg,DSC_0132.jpeg
113,RMT8,2,52,FA3,1,DSC_0131.jpeg,DSC_0132.jpeg
113,RMT8,2,53,FA2,1,DSC_0131.jpeg,DSC_0132.jpeg
113,RMT8,2,51,",A2",1,DSC_0131.jpeg,DSC_0132.jpeg
113,RMT8,2,52,",A2",1,DSC_0131.jpeg,DSC_0132.jpeg
113,RMT8,2,53,FA3,1,DSC_0131.jpeg,DSC_0132.jpeg
113,RMT8,2,56,MA2,1,DSC_0131.jpeg,DSC_0132.jpeg
113,RMT8,2,53,FA3,1,DSC_0131.jpeg,DSC_0132.jpeg
113,RMT8,2,44,FA2,1,DSC_0131.jpeg,DSC_0132.jpeg
113,RMT8,2,49,FA2,1,DSC_0131.jpeg,DSC_0132.jpeg
113,RMT8,2,49,FA2,1,DSC_0131.jpeg,DSC_0132.jpeg
113,RMT8,2,49,FA3,1,DSC_0131.jpeg,DSC_0132.jpeg
113,RMT8,2,53,FA2,1,DSC_0131.jpeg,DSC_0132.jpeg
113,RMT8,2,52,FA2,1,DSC_0131.jpeg,DSC_0132.jpeg