Event,Type,Net,Length,Maturity,Comment,Dorsal,Lateral
2,RMT8,1,28,J,,,JR255A_krill_image_1.JPG
2,RMT8,1,32,J,,,JR255A_krill_image_1.JPG
2,RMT8,1,24,J,,,JR255A_krill_image_1.JPG
2,RMT8,1,28,J,,,JR255A_krill_image_1.JPG
2,RMT8,1,23,J,First of two krill together in photo,,JR255A_krill_image_1.JPG
2,RMT8,1,23,J,Second of two krill together in photo,,JR255A_krill_image_1.JPG
2,RMT8,1,25,J,,,JR255A_krill_image_1.JPG
2,RMT8,1,24,J,,,JR255A_krill_image_1.JPG
2,RMT8,1,28,J,,,JR255A_krill_image_1.JPG
2,RMT8,1,28,J,,,JR255A_krill_image_1.JPG
2,RMT8,1,23,J,,,JR255A_krill_image_1.JPG
2,RMT8,1,23,J,,,JR255A_krill_image_1.JPG
2,RMT8,1,22,J,,,JR255A_krill_image_1.JPG
2,RMT8,1,23,J,,,JR255A_krill_image_1.JPG
2,RMT8,1,25,J,,,JR255A_krill_image_1.JPG
2,RMT8,1,21,J,,,JR255A_krill_image_1.JPG
2,RMT8,1,21,J,,,JR255A_krill_image_1.JPG
2,RMT8,1,29,J,,,JR255A_krill_image_1.JPG
2,RMT8,1,27,J,,,JR255A_krill_image_1.JPG
2,RMT8,1,22,J,,,JR255A_krill_image_1.JPG
2,RMT8,1,27,J,,,JR255A_krill_image_1.JPG
2,RMT8,1,33,J,,,JR255A_krill_image_1.JPG
2,RMT8,1,27,J,,,JR255A_krill_image_1.JPG
2,RMT8,1,27,J,,,JR255A_krill_image_1.JPG
2,RMT8,1,25,J,,,JR255A_krill_image_1.JPG
2,RMT8,1,21,J,,,JR255A_krill_image_1.JPG
2,RMT8,1,25,J,,,JR255A_krill_image_1.JPG
2,RMT8,1,24,J,,,JR255A_krill_image_1.JPG
2,RMT8,1,26,J,,,JR255A_krill_image_1.JPG
2,RMT8,1,21,J,,,JR255A_krill_image_1.JPG
2,RMT8,1,23,J,,,JR255A_krill_image_1.JPG
2,RMT8,1,26,J,,,JR255A_krill_image_1.JPG
2,RMT8,1,25,J,,,JR255A_krill_image_1.JPG
2,RMT8,1,26,J,,,JR255A_krill_image_1.JPG
2,RMT8,1,24,J,,,JR255A_krill_image_1.JPG
2,RMT8,1,25,J,,,JR255A_krill_image_1.JPG
2,RMT8,1,26,J,,,JR255A_krill_image_1.JPG
2,RMT8,1,28,J,,,JR255A_krill_image_1.JPG
2,RMT8,1,25,J,,,JR255A_krill_image_1.JPG
2,RMT8,1,30,J,,,JR255A_krill_image_1.JPG
2,RMT8,1,26,J,,,JR255A_krill_image_1.JPG
2,RMT8,1,18,J,,,JR255A_krill_image_1.JPG
2,RMT8,1,22,J,,,JR255A_krill_image_1.JPG
2,RMT8,1,23,J,,,JR255A_krill_image_1.JPG
2,RMT8,1,27,J,,,JR255A_krill_image_1.JPG
2,RMT8,1,22,J,,,JR255A_krill_image_1.JPG
2,RMT8,1,22,J,,,JR255A_krill_image_1.JPG
2,RMT8,1,27,J,,,JR255A_krill_image_1.JPG
2,RMT8,1,26,J,Board 2,,JR255A_krill_image_2.JPG
2,RMT8,1,25,J,,,JR255A_krill_image_2.JPG
2,RMT8,1,25,J,,,JR255A_krill_image_2.JPG
2,RMT8,1,24,J,,,JR255A_krill_image_2.JPG
2,RMT8,1,41,FS2,,,JR255A_krill_image_2.JPG
2,RMT8,1,24,J,,,JR255A_krill_image_2.JPG
2,RMT8,1,24,J,,,JR255A_krill_image_2.JPG
2,RMT8,1,22,J,,,JR255A_krill_image_2.JPG
2,RMT8,1,18,J,,,JR255A_krill_image_2.JPG
2,RMT8,1,25,J,,,JR255A_krill_image_2.JPG
2,RMT8,1,24,J,,,JR255A_krill_image_2.JPG
2,RMT8,1,25,J,,,JR255A_krill_image_2.JPG
2,RMT8,1,36,MS1,,,JR255A_krill_image_2.JPG
2,RMT8,1,39,MS1,,,JR255A_krill_image_2.JPG
2,RMT8,1,22,J,,,JR255A_krill_image_2.JPG
2,RMT8,1,22,J,,,JR255A_krill_image_2.JPG
2,RMT8,1,21,J,,,JR255A_krill_image_2.JPG
2,RMT8,1,24,J,,,JR255A_krill_image_2.JPG
2,RMT8,1,28,J,,,JR255A_krill_image_2.JPG
2,RMT8,1,23,J,,,JR255A_krill_image_2.JPG
2,RMT8,1,20,J,,,JR255A_krill_image_2.JPG
2,RMT8,1,28,J,,,JR255A_krill_image_2.JPG
2,RMT8,1,23,J,,,JR255A_krill_image_2.JPG
2,RMT8,1,25,J,,,JR255A_krill_image_2.JPG
2,RMT8,1,24,J,,,JR255A_krill_image_2.JPG
2,RMT8,1,26,J,,,JR255A_krill_image_2.JPG
2,RMT8,1,25,J,,,JR255A_krill_image_2.JPG
2,RMT8,1,19,J,,,JR255A_krill_image_2.JPG
2,RMT8,1,22,J,,,JR255A_krill_image_2.JPG
2,RMT8,1,28,J,,,JR255A_krill_image_2.JPG
2,RMT8,1,23,J,,,JR255A_krill_image_2.JPG
2,RMT8,1,24,J,,,JR255A_krill_image_2.JPG
2,RMT8,1,26,J,,,JR255A_krill_image_2.JPG
2,RMT8,1,26,J,,,JR255A_krill_image_2.JPG
2,RMT8,1,32,J,,,JR255A_krill_image_2.JPG
2,RMT8,1,31,J,,,JR255A_krill_image_2.JPG
2,RMT8,1,22,J,,,JR255A_krill_image_2.JPG
2,RMT8,1,21,J,,,JR255A_krill_image_2.JPG
2,RMT8,1,26,J,,,JR255A_krill_image_2.JPG
2,RMT8,1,25,J,,,JR255A_krill_image_2.JPG
2,RMT8,1,26,J,,,JR255A_krill_image_2.JPG
2,RMT8,1,23,J,,,JR255A_krill_image_2.JPG
2,RMT8,1,26,J,,,JR255A_krill_image_2.JPG
2,RMT8,1,25,J,,,JR255A_krill_image_2.JPG
2,RMT8,1,25,J,,,JR255A_krill_image_2.JPG
2,RMT8,1,28,J,,,JR255A_krill_image_2.JPG
2,RMT8,1,27,J,,,JR255A_krill_image_2.JPG
2,RMT8,1,25,J,,,JR255A_krill_image_2.JPG
2,RMT8,2,26,J,Board 1,,JR255A_krill_image_3.JPG
2,RMT8,2,23,J,,,JR255A_krill_image_3.JPG
2,RMT8,2,21,J,,,JR255A_krill_image_3.JPG
2,RMT8,2,21,J,,,JR255A_krill_image_3.JPG
2,RMT8,2,22,J,,,JR255A_krill_image_3.JPG
2,RMT8,2,21,J,,,JR255A_krill_image_3.JPG
2,RMT8,2,25,J,,,JR255A_krill_image_3.JPG
2,RMT8,2,21,J,,,JR255A_krill_image_3.JPG
2,RMT8,2,25,J,,,JR255A_krill_image_3.JPG
2,RMT8,2,21,J,,,JR255A_krill_image_3.JPG
2,RMT8,2,21,J,,,JR255A_krill_image_3.JPG
2,RMT8,2,20,J,,,JR255A_krill_image_3.JPG
2,RMT8,2,20,J,,,JR255A_krill_image_3.JPG
2,RMT8,2,22,J,,,JR255A_krill_image_3.JPG
2,RMT8,2,22,J,,,JR255A_krill_image_3.JPG
2,RMT8,2,21,J,,,JR255A_krill_image_3.JPG
2,RMT8,2,21,J,,,JR255A_krill_image_3.JPG
2,RMT8,2,22,J,,,JR255A_krill_image_3.JPG
2,RMT8,2,20,J,,,JR255A_krill_image_3.JPG
2,RMT8,2,21,J,,,JR255A_krill_image_3.JPG
2,RMT8,2,23,J,,,JR255A_krill_image_3.JPG
2,RMT8,2,21,J,,,JR255A_krill_image_3.JPG
2,RMT8,2,24,J,,,JR255A_krill_image_3.JPG
2,RMT8,2,23,J,,,JR255A_krill_image_3.JPG
2,RMT8,2,20,J,,,JR255A_krill_image_3.JPG
2,RMT8,2,21,J,,,JR255A_krill_image_3.JPG
2,RMT8,2,21,J,,,JR255A_krill_image_3.JPG
2,RMT8,2,22,J,,,JR255A_krill_image_3.JPG
2,RMT8,2,22,J,,,JR255A_krill_image_3.JPG
2,RMT8,2,21,J,,,JR255A_krill_image_3.JPG
2,RMT8,2,21,J,,,JR255A_krill_image_3.JPG
2,RMT8,2,22,J,,,JR255A_krill_image_3.JPG
2,RMT8,2,21,J,,,JR255A_krill_image_3.JPG
2,RMT8,2,22,J,,,JR255A_krill_image_3.JPG
2,RMT8,2,21,J,,,JR255A_krill_image_3.JPG
2,RMT8,2,41,FS2,,,JR255A_krill_image_3.JPG
2,RMT8,2,22,J,,,JR255A_krill_image_3.JPG
2,RMT8,2,21,J,,,JR255A_krill_image_3.JPG
2,RMT8,2,21,J,,,JR255A_krill_image_3.JPG
2,RMT8,2,21,J,,,JR255A_krill_image_3.JPG
2,RMT8,2,22,,,,JR255A_krill_image_3.JPG
2,RMT8,2,22,J,,,JR255A_krill_image_3.JPG
2,RMT8,2,26,J,,,JR255A_krill_image_3.JPG
2,RMT8,2,23,J,,,JR255A_krill_image_3.JPG
2,RMT8,2,19,J,,,JR255A_krill_image_3.JPG
2,RMT8,2,19,J,,,JR255A_krill_image_3.JPG
2,RMT8,2,21,J,,,JR255A_krill_image_3.JPG
2,RMT8,2,22,J,,,JR255A_krill_image_3.JPG
2,RMT8,2,20,J,,,JR255A_krill_image_3.JPG
2,RMT8,2,22,J,,,JR255A_krill_image_3.JPG
2,RMT8,2,43,MS2,Board 2,,JR255A_krill_image_4.JPG
2,RMT8,2,22,J,,,JR255A_krill_image_4.JPG
2,RMT8,2,20,J,,,JR255A_krill_image_4.JPG
2,RMT8,2,23,J,,,JR255A_krill_image_4.JPG
2,RMT8,2,23,J,,,JR255A_krill_image_4.JPG
2,RMT8,2,22,J,,,JR255A_krill_image_4.JPG
2,RMT8,2,21,J,,,JR255A_krill_image_4.JPG
2,RMT8,2,19,J,,,JR255A_krill_image_4.JPG
2,RMT8,2,23,J,,,JR255A_krill_image_4.JPG
2,RMT8,2,23,J,,,JR255A_krill_image_4.JPG
2,RMT8,2,23,J,,,JR255A_krill_image_4.JPG
2,RMT8,2,20,J,,,JR255A_krill_image_4.JPG
2,RMT8,2,20,J,,,JR255A_krill_image_4.JPG
2,RMT8,2,21,J,,,JR255A_krill_image_4.JPG
2,RMT8,2,21,J,,,JR255A_krill_image_4.JPG
2,RMT8,2,21,J,,,JR255A_krill_image_4.JPG
2,RMT8,2,23,J,,,JR255A_krill_image_4.JPG
2,RMT8,2,21,J,,,JR255A_krill_image_4.JPG
2,RMT8,2,21,J,,,JR255A_krill_image_4.JPG
2,RMT8,2,19,J,,,JR255A_krill_image_4.JPG
2,RMT8,2,45,FS3,,,JR255A_krill_image_4.JPG
2,RMT8,2,19,J,,,JR255A_krill_image_4.JPG
2,RMT8,2,26,J,,,JR255A_krill_image_4.JPG
2,RMT8,2,21,J,,,JR255A_krill_image_4.JPG
2,RMT8,2,19,J,,,JR255A_krill_image_4.JPG
2,RMT8,2,25,J,,,JR255A_krill_image_4.JPG
2,RMT8,2,25,J,,,JR255A_krill_image_4.JPG
2,RMT8,2,31,J,,,JR255A_krill_image_4.JPG
2,RMT8,2,24,J,,,JR255A_krill_image_4.JPG
2,RMT8,2,26,J,,,JR255A_krill_image_4.JPG
2,RMT8,2,21,J,,,JR255A_krill_image_4.JPG
2,RMT8,2,21,J,,,JR255A_krill_image_4.JPG
2,RMT8,2,21,J,,,JR255A_krill_image_4.JPG
2,RMT8,2,24,J,,,JR255A_krill_image_4.JPG
2,RMT8,2,27,J,,,JR255A_krill_image_4.JPG
2,RMT8,2,31,J,,,JR255A_krill_image_4.JPG
2,RMT8,2,20,J,,,JR255A_krill_image_4.JPG
2,RMT8,2,23,J,,,JR255A_krill_image_4.JPG
2,RMT8,2,20,J,,,JR255A_krill_image_4.JPG
2,RMT8,2,21,J,,,JR255A_krill_image_4.JPG
2,RMT8,2,22,J,,,JR255A_krill_image_4.JPG
2,RMT8,2,21,J,,,JR255A_krill_image_4.JPG
2,RMT8,2,20,J,,,JR255A_krill_image_4.JPG
2,RMT8,2,22,J,,,JR255A_krill_image_4.JPG
2,RMT8,2,24,J,,,JR255A_krill_image_4.JPG
2,RMT8,2,20,J,,,JR255A_krill_image_4.JPG
2,RMT8,2,22,J,,,JR255A_krill_image_4.JPG
2,RMT8,2,20,J,,,JR255A_krill_image_4.JPG
2,RMT8,2,22,J,,,JR255A_krill_image_4.JPG
9,RMT8,1,32,J,Board 1,JR255A_krill_image_13.JPG,JR255A_krill_image_14.JPG
9,RMT8,1,46,MS3,,JR255A_krill_image_13.JPG,JR255A_krill_image_14.JPG
9,RMT8,1,29,J,,JR255A_krill_image_13.JPG,JR255A_krill_image_14.JPG
9,RMT8,1,38,MS1,,JR255A_krill_image_13.JPG,JR255A_krill_image_14.JPG
9,RMT8,1,36,FS1,,JR255A_krill_image_13.JPG,JR255A_krill_image_14.JPG
9,RMT8,1,43,FS2,,JR255A_krill_image_13.JPG,JR255A_krill_image_14.JPG
9,RMT8,1,48,FS2,,JR255A_krill_image_13.JPG,JR255A_krill_image_14.JPG
9,RMT8,1,36,FS1,,JR255A_krill_image_13.JPG,JR255A_krill_image_14.JPG
9,RMT8,1,45,MS2,,JR255A_krill_image_13.JPG,JR255A_krill_image_14.JPG
9,RMT8,1,43,MS2,,JR255A_krill_image_13.JPG,JR255A_krill_image_14.JPG
9,RMT8,1,30,J,,JR255A_krill_image_13.JPG,JR255A_krill_image_14.JPG
9,RMT8,1,27,J,,JR255A_krill_image_13.JPG,JR255A_krill_image_14.JPG
9,RMT8,1,29,J,,JR255A_krill_image_13.JPG,JR255A_krill_image_14.JPG
9,RMT8,1,29,J,,JR255A_krill_image_13.JPG,JR255A_krill_image_14.JPG
9,RMT8,1,31,J,,JR255A_krill_image_13.JPG,JR255A_krill_image_14.JPG
9,RMT8,1,37,FS1,,JR255A_krill_image_13.JPG,JR255A_krill_image_14.JPG
9,RMT8,1,37,MS1,,JR255A_krill_image_13.JPG,JR255A_krill_image_14.JPG
9,RMT8,1,29,J,,JR255A_krill_image_13.JPG,JR255A_krill_image_14.JPG
9,RMT8,1,34,FS1,,JR255A_krill_image_13.JPG,JR255A_krill_image_14.JPG
9,RMT8,1,34,FS1,,JR255A_krill_image_13.JPG,JR255A_krill_image_14.JPG
9,RMT8,1,29,J,,JR255A_krill_image_13.JPG,JR255A_krill_image_14.JPG
9,RMT8,1,29,J,,JR255A_krill_image_13.JPG,JR255A_krill_image_14.JPG
9,RMT8,1,27,J,,JR255A_krill_image_13.JPG,JR255A_krill_image_14.JPG
9,RMT8,1,30,J,,JR255A_krill_image_13.JPG,JR255A_krill_image_14.JPG
9,RMT8,1,33,MS1,,JR255A_krill_image_13.JPG,JR255A_krill_image_14.JPG
9,RMT8,1,39,FS1,Board 2,JR255A_krill_image_15.JPG,JR255A_krill_image_16.JPG
9,RMT8,1,36,FS1,,JR255A_krill_image_15.JPG,JR255A_krill_image_16.JPG
9,RMT8,1,42,FS2,,JR255A_krill_image_15.JPG,JR255A_krill_image_16.JPG
9,RMT8,1,40,FS2,,JR255A_krill_image_15.JPG,JR255A_krill_image_16.JPG
9,RMT8,1,34,MS1,,JR255A_krill_image_15.JPG,JR255A_krill_image_16.JPG
9,RMT8,1,30,J,,JR255A_krill_image_15.JPG,JR255A_krill_image_16.JPG
9,RMT8,1,35,FS1,,JR255A_krill_image_15.JPG,JR255A_krill_image_16.JPG
9,RMT8,1,31,MS1,,JR255A_krill_image_15.JPG,JR255A_krill_image_16.JPG
9,RMT8,1,32,J,,JR255A_krill_image_15.JPG,JR255A_krill_image_16.JPG
9,RMT8,1,30,J,,JR255A_krill_image_15.JPG,JR255A_krill_image_16.JPG
9,RMT8,1,35,FS1,,JR255A_krill_image_15.JPG,JR255A_krill_image_16.JPG
9,RMT8,1,31,J,,JR255A_krill_image_15.JPG,JR255A_krill_image_16.JPG
9,RMT8,1,30,J,,JR255A_krill_image_15.JPG,JR255A_krill_image_16.JPG
9,RMT8,1,33,J,,JR255A_krill_image_15.JPG,JR255A_krill_image_16.JPG
9,RMT8,1,30,J,,JR255A_krill_image_15.JPG,JR255A_krill_image_16.JPG
9,RMT8,1,33,MS1,,JR255A_krill_image_15.JPG,JR255A_krill_image_16.JPG
9,RMT8,1,39,MS2,,JR255A_krill_image_15.JPG,JR255A_krill_image_16.JPG
9,RMT8,1,29,J,,JR255A_krill_image_15.JPG,JR255A_krill_image_16.JPG
9,RMT8,1,32,MS1,,JR255A_krill_image_15.JPG,JR255A_krill_image_16.JPG
9,RMT8,1,33,MS1,,JR255A_krill_image_15.JPG,JR255A_krill_image_16.JPG
9,RMT8,1,41,FS1,,JR255A_krill_image_15.JPG,JR255A_krill_image_16.JPG
9,RMT8,1,41,MS1,,JR255A_krill_image_15.JPG,JR255A_krill_image_16.JPG
9,RMT8,1,29,J,,JR255A_krill_image_15.JPG,JR255A_krill_image_16.JPG
9,RMT8,1,29,J,,JR255A_krill_image_15.JPG,JR255A_krill_image_16.JPG
9,RMT8,1,44,MS1,,JR255A_krill_image_15.JPG,JR255A_krill_image_16.JPG
9,RMT8,1,34,MS1,Board 3,JR255A_krill_image_17.JPG,JR255A_krill_image_18.JPG
9,RMT8,1,36,FS1,,JR255A_krill_image_17.JPG,JR255A_krill_image_18.JPG
9,RMT8,1,31,MS1,,JR255A_krill_image_17.JPG,JR255A_krill_image_18.JPG
9,RMT8,1,30,J,,JR255A_krill_image_17.JPG,JR255A_krill_image_18.JPG
9,RMT8,1,29,J,,JR255A_krill_image_17.JPG,JR255A_krill_image_18.JPG
9,RMT8,1,20,J,,JR255A_krill_image_17.JPG,JR255A_krill_image_18.JPG
9,RMT8,1,26,J,,JR255A_krill_image_17.JPG,JR255A_krill_image_18.JPG
9,RMT8,1,31,MS1,,JR255A_krill_image_17.JPG,JR255A_krill_image_18.JPG
9,RMT8,1,32,J,,JR255A_krill_image_17.JPG,JR255A_krill_image_18.JPG
9,RMT8,1,31,J,,JR255A_krill_image_17.JPG,JR255A_krill_image_18.JPG
9,RMT8,1,34,FS1,,JR255A_krill_image_17.JPG,JR255A_krill_image_18.JPG
9,RMT8,1,30,J,,JR255A_krill_image_17.JPG,JR255A_krill_image_18.JPG
9,RMT8,1,29,J,,JR255A_krill_image_17.JPG,JR255A_krill_image_18.JPG
9,RMT8,1,32,J,,JR255A_krill_image_17.JPG,JR255A_krill_image_18.JPG
9,RMT8,1,34,FS1,,JR255A_krill_image_17.JPG,JR255A_krill_image_18.JPG
9,RMT8,1,35,MS1,,JR255A_krill_image_17.JPG,JR255A_krill_image_18.JPG
9,RMT8,1,24,J,,JR255A_krill_image_17.JPG,JR255A_krill_image_18.JPG
9,RMT8,1,33,FS1,,JR255A_krill_image_17.JPG,JR255A_krill_image_18.JPG
9,RMT8,1,34,MS1,,JR255A_krill_image_17.JPG,JR255A_krill_image_18.JPG
9,RMT8,1,26,J,,JR255A_krill_image_17.JPG,JR255A_krill_image_18.JPG
9,RMT8,1,30,J,,JR255A_krill_image_17.JPG,JR255A_krill_image_18.JPG
9,RMT8,1,29,J,,JR255A_krill_image_17.JPG,JR255A_krill_image_18.JPG
9,RMT8,1,31,J,,JR255A_krill_image_17.JPG,JR255A_krill_image_18.JPG
9,RMT8,1,30,J,,JR255A_krill_image_17.JPG,JR255A_krill_image_18.JPG
9,RMT8,1,34,FS1,,JR255A_krill_image_17.JPG,JR255A_krill_image_18.JPG
9,RMT8,1,31,MS1,Board 4,JR255A_krill_image_19.JPG,JR255A_krill_image_20.JPG
9,RMT8,1,32,MS1,,JR255A_krill_image_19.JPG,JR255A_krill_image_20.JPG
9,RMT8,1,30,MS1,,JR255A_krill_image_19.JPG,JR255A_krill_image_20.JPG
9,RMT8,1,29,J,,JR255A_krill_image_19.JPG,JR255A_krill_image_20.JPG
9,RMT8,1,34,MS1,,JR255A_krill_image_19.JPG,JR255A_krill_image_20.JPG
9,RMT8,1,29,J,,JR255A_krill_image_19.JPG,JR255A_krill_image_20.JPG
9,RMT8,1,33,MS1,,JR255A_krill_image_19.JPG,JR255A_krill_image_20.JPG
9,RMT8,1,29,J,,JR255A_krill_image_19.JPG,JR255A_krill_image_20.JPG
9,RMT8,1,35,MS1,,JR255A_krill_image_19.JPG,JR255A_krill_image_20.JPG
9,RMT8,1,44,MS3,,JR255A_krill_image_19.JPG,JR255A_krill_image_20.JPG
9,RMT8,1,27,J,,JR255A_krill_image_19.JPG,JR255A_krill_image_20.JPG
9,RMT8,1,40,FS2,,JR255A_krill_image_19.JPG,JR255A_krill_image_20.JPG
9,RMT8,1,34,FS1,,JR255A_krill_image_19.JPG,JR255A_krill_image_20.JPG
9,RMT8,1,37,MS1,,JR255A_krill_image_19.JPG,JR255A_krill_image_20.JPG
9,RMT8,1,37,FS2,,JR255A_krill_image_19.JPG,JR255A_krill_image_20.JPG
9,RMT8,1,30,J,,JR255A_krill_image_19.JPG,JR255A_krill_image_20.JPG
9,RMT8,1,29,J,,JR255A_krill_image_19.JPG,JR255A_krill_image_20.JPG
9,RMT8,1,29,J,,JR255A_krill_image_19.JPG,JR255A_krill_image_20.JPG
9,RMT8,1,39,FS2,,JR255A_krill_image_19.JPG,JR255A_krill_image_20.JPG
9,RMT8,1,44,MS3,,JR255A_krill_image_19.JPG,JR255A_krill_image_20.JPG
9,RMT8,1,29,J,,JR255A_krill_image_19.JPG,JR255A_krill_image_20.JPG
9,RMT8,1,29,J,,JR255A_krill_image_19.JPG,JR255A_krill_image_20.JPG
9,RMT8,1,28,J,,JR255A_krill_image_19.JPG,JR255A_krill_image_20.JPG
9,RMT8,1,28,J,,JR255A_krill_image_19.JPG,JR255A_krill_image_20.JPG
9,RMT8,1,29,J,,JR255A_krill_image_19.JPG,JR255A_krill_image_20.JPG
9,RMT8,2,42,FS2,Board 1,JR255A_krill_image_5.JPG,JR255A_krill_image_6.JPG
9,RMT8,2,32,J,,JR255A_krill_image_5.JPG,JR255A_krill_image_6.JPG
9,RMT8,2,41,FS2,,JR255A_krill_image_5.JPG,JR255A_krill_image_6.JPG
9,RMT8,2,48,FS3,,JR255A_krill_image_5.JPG,JR255A_krill_image_6.JPG
9,RMT8,2,42,MS2,,JR255A_krill_image_5.JPG,JR255A_krill_image_6.JPG
9,RMT8,2,43,FS2,,JR255A_krill_image_5.JPG,JR255A_krill_image_6.JPG
9,RMT8,2,42,MS1,,JR255A_krill_image_5.JPG,JR255A_krill_image_6.JPG
9,RMT8,2,44,FS2,,JR255A_krill_image_5.JPG,JR255A_krill_image_6.JPG
9,RMT8,2,45,FS3,,JR255A_krill_image_5.JPG,JR255A_krill_image_6.JPG
9,RMT8,2,47,MS2,,JR255A_krill_image_5.JPG,JR255A_krill_image_6.JPG
9,RMT8,2,44,FS2,,JR255A_krill_image_5.JPG,JR255A_krill_image_6.JPG
9,RMT8,2,41,MS1,,JR255A_krill_image_5.JPG,JR255A_krill_image_6.JPG
9,RMT8,2,38,MS1,,JR255A_krill_image_5.JPG,JR255A_krill_image_6.JPG
9,RMT8,2,46,FS2,,JR255A_krill_image_5.JPG,JR255A_krill_image_6.JPG
9,RMT8,2,45,MS2,,JR255A_krill_image_5.JPG,JR255A_krill_image_6.JPG
9,RMT8,2,44,MS2,,JR255A_krill_image_5.JPG,JR255A_krill_image_6.JPG
9,RMT8,2,39,MS1,,JR255A_krill_image_5.JPG,JR255A_krill_image_6.JPG
9,RMT8,2,40,FS2,,JR255A_krill_image_5.JPG,JR255A_krill_image_6.JPG
9,RMT8,2,41,FS2,,JR255A_krill_image_5.JPG,JR255A_krill_image_6.JPG
9,RMT8,2,47,MS1,,JR255A_krill_image_5.JPG,JR255A_krill_image_6.JPG
9,RMT8,2,38,FS2,,JR255A_krill_image_5.JPG,JR255A_krill_image_6.JPG
9,RMT8,2,34,FS1,,JR255A_krill_image_5.JPG,JR255A_krill_image_6.JPG
9,RMT8,2,41,FS2,,JR255A_krill_image_5.JPG,JR255A_krill_image_6.JPG
9,RMT8,2,33,FS1,,JR255A_krill_image_5.JPG,JR255A_krill_image_6.JPG
9,RMT8,2,44,FS3,Board 2,JR255A_krill_image_7.JPG,JR255A_krill_image_8.JPG
9,RMT8,2,46,FS2,,JR255A_krill_image_7.JPG,JR255A_krill_image_8.JPG
9,RMT8,2,39,MS1,,JR255A_krill_image_7.JPG,JR255A_krill_image_8.JPG
9,RMT8,2,29,MS1,,JR255A_krill_image_7.JPG,JR255A_krill_image_8.JPG
9,RMT8,2,41,FS2,,JR255A_krill_image_7.JPG,JR255A_krill_image_8.JPG
9,RMT8,2,49,FS2,,JR255A_krill_image_7.JPG,JR255A_krill_image_8.JPG
9,RMT8,2,26,J,,JR255A_krill_image_7.JPG,JR255A_krill_image_8.JPG
9,RMT8,2,28,J,,JR255A_krill_image_7.JPG,JR255A_krill_image_8.JPG
9,RMT8,2,38,FS1,,JR255A_krill_image_7.JPG,JR255A_krill_image_8.JPG
9,RMT8,2,39,FS2,,JR255A_krill_image_7.JPG,JR255A_krill_image_8.JPG
9,RMT8,2,29,J,,JR255A_krill_image_7.JPG,JR255A_krill_image_8.JPG
9,RMT8,2,47,FS2,,JR255A_krill_image_7.JPG,JR255A_krill_image_8.JPG
9,RMT8,2,42,MS3,,JR255A_krill_image_7.JPG,JR255A_krill_image_8.JPG
9,RMT8,2,47,FS3,,JR255A_krill_image_7.JPG,JR255A_krill_image_8.JPG
9,RMT8,2,28,J,,JR255A_krill_image_7.JPG,JR255A_krill_image_8.JPG
9,RMT8,2,39,FS2,,JR255A_krill_image_7.JPG,JR255A_krill_image_8.JPG
9,RMT8,2,26,J,,JR255A_krill_image_7.JPG,JR255A_krill_image_8.JPG
9,RMT8,2,44,FS2,,JR255A_krill_image_7.JPG,JR255A_krill_image_8.JPG
9,RMT8,2,34,MS1,,JR255A_krill_image_7.JPG,JR255A_krill_image_8.JPG
9,RMT8,2,44,MS1,,JR255A_krill_image_7.JPG,JR255A_krill_image_8.JPG
9,RMT8,2,38,J,,JR255A_krill_image_7.JPG,JR255A_krill_image_8.JPG
9,RMT8,2,41,MS2,,JR255A_krill_image_7.JPG,JR255A_krill_image_8.JPG
9,RMT8,2,30,J,,JR255A_krill_image_7.JPG,JR255A_krill_image_8.JPG
9,RMT8,2,42,FS3,,JR255A_krill_image_7.JPG,JR255A_krill_image_8.JPG
9,RMT8,2,37,MS1,,JR255A_krill_image_7.JPG,JR255A_krill_image_8.JPG
9,RMT8,2,41,MS2,,JR255A_krill_image_7.JPG,JR255A_krill_image_8.JPG
9,RMT8,2,41,MS3,Board 3,JR255A_krill_image_9.JPG,JR255A_krill_image_10.JPG
9,RMT8,2,38,MS2,,JR255A_krill_image_9.JPG,JR255A_krill_image_10.JPG
9,RMT8,2,29,J,,JR255A_krill_image_9.JPG,JR255A_krill_image_10.JPG
9,RMT8,2,41,FS2,,JR255A_krill_image_9.JPG,JR255A_krill_image_10.JPG
9,RMT8,2,39,FS2,,JR255A_krill_image_9.JPG,JR255A_krill_image_10.JPG
9,RMT8,2,40,MS1,,JR255A_krill_image_9.JPG,JR255A_krill_image_10.JPG
9,RMT8,2,44,MS3,,JR255A_krill_image_9.JPG,JR255A_krill_image_10.JPG
9,RMT8,2,39,MS1,,JR255A_krill_image_9.JPG,JR255A_krill_image_10.JPG
9,RMT8,2,43,MS2,,JR255A_krill_image_9.JPG,JR255A_krill_image_10.JPG
9,RMT8,2,26,J,,JR255A_krill_image_9.JPG,JR255A_krill_image_10.JPG
9,RMT8,2,44,MS1,,JR255A_krill_image_9.JPG,JR255A_krill_image_10.JPG
9,RMT8,2,44,FS2,,JR255A_krill_image_9.JPG,JR255A_krill_image_10.JPG
9,RMT8,2,43,MS1,,JR255A_krill_image_9.JPG,JR255A_krill_image_10.JPG
9,RMT8,2,45,MS1,,JR255A_krill_image_9.JPG,JR255A_krill_image_10.JPG
9,RMT8,2,43,MS2,,JR255A_krill_image_9.JPG,JR255A_krill_image_10.JPG
9,RMT8,2,38,FS2,,JR255A_krill_image_9.JPG,JR255A_krill_image_10.JPG
9,RMT8,2,44,MS2,,JR255A_krill_image_9.JPG,JR255A_krill_image_10.JPG
9,RMT8,2,41,FS3,,JR255A_krill_image_9.JPG,JR255A_krill_image_10.JPG
9,RMT8,2,43,MS2,,JR255A_krill_image_9.JPG,JR255A_krill_image_10.JPG
9,RMT8,2,44,FS2,,JR255A_krill_image_9.JPG,JR255A_krill_image_10.JPG
9,RMT8,2,41,MS1,,JR255A_krill_image_9.JPG,JR255A_krill_image_10.JPG
9,RMT8,2,46,FS2,,JR255A_krill_image_9.JPG,JR255A_krill_image_10.JPG
9,RMT8,2,40,FS2,,JR255A_krill_image_9.JPG,JR255A_krill_image_10.JPG
9,RMT8,2,44,MS3,,JR255A_krill_image_9.JPG,JR255A_krill_image_10.JPG
9,RMT8,2,40,FS2,,JR255A_krill_image_9.JPG,JR255A_krill_image_10.JPG
9,RMT8,2,38,FS2,Board 4,JR255A_krill_image_11.JPG,JR255A_krill_image_12.JPG
9,RMT8,2,39,FS3,,JR255A_krill_image_11.JPG,JR255A_krill_image_12.JPG
9,RMT8,2,37,MS1,,JR255A_krill_image_11.JPG,JR255A_krill_image_12.JPG
9,RMT8,2,41,FS2,,JR255A_krill_image_11.JPG,JR255A_krill_image_12.JPG
9,RMT8,2,42,FS2,,JR255A_krill_image_11.JPG,JR255A_krill_image_12.JPG
9,RMT8,2,37,MS1,,JR255A_krill_image_11.JPG,JR255A_krill_image_12.JPG
9,RMT8,2,27,J,,JR255A_krill_image_11.JPG,JR255A_krill_image_12.JPG
9,RMT8,2,48,FS2,,JR255A_krill_image_11.JPG,JR255A_krill_image_12.JPG
9,RMT8,2,38,MS1,,JR255A_krill_image_11.JPG,JR255A_krill_image_12.JPG
9,RMT8,2,42,FS2,,JR255A_krill_image_11.JPG,JR255A_krill_image_12.JPG
9,RMT8,2,27,J,,JR255A_krill_image_11.JPG,JR255A_krill_image_12.JPG
9,RMT8,2,47,MS3,,JR255A_krill_image_11.JPG,JR255A_krill_image_12.JPG
9,RMT8,2,36,MS1,,JR255A_krill_image_11.JPG,JR255A_krill_image_12.JPG
9,RMT8,2,43,FS2,,JR255A_krill_image_11.JPG,JR255A_krill_image_12.JPG
9,RMT8,2,28,J,,JR255A_krill_image_11.JPG,JR255A_krill_image_12.JPG
9,RMT8,2,39,FS2,,JR255A_krill_image_11.JPG,JR255A_krill_image_12.JPG
9,RMT8,2,40,FS2,,JR255A_krill_image_11.JPG,JR255A_krill_image_12.JPG
9,RMT8,2,38,FS1,,JR255A_krill_image_11.JPG,JR255A_krill_image_12.JPG
9,RMT8,2,44,MS3,,JR255A_krill_image_11.JPG,JR255A_krill_image_12.JPG
9,RMT8,2,42,FS2,,JR255A_krill_image_11.JPG,JR255A_krill_image_12.JPG
9,RMT8,2,43,MS2,,JR255A_krill_image_11.JPG,JR255A_krill_image_12.JPG
9,RMT8,2,43,MS1,,JR255A_krill_image_11.JPG,JR255A_krill_image_12.JPG
9,RMT8,2,44,MS3,,JR255A_krill_image_11.JPG,JR255A_krill_image_12.JPG
9,RMT8,2,39,MS2,,JR255A_krill_image_11.JPG,JR255A_krill_image_12.JPG
9,RMT8,2,45,FS2,,JR255A_krill_image_11.JPG,JR255A_krill_image_12.JPG
40,RMT8,2,41,FS3,Board 1,JR255A_krill_image_21.JPG,JR255A_krill_image_22.JPG
40,RMT8,2,48,MS2,,JR255A_krill_image_21.JPG,JR255A_krill_image_22.JPG
40,RMT8,2,47,MS3,,JR255A_krill_image_21.JPG,JR255A_krill_image_22.JPG
40,RMT8,2,45,MS1,,JR255A_krill_image_21.JPG,JR255A_krill_image_22.JPG
40,RMT8,2,47,MS3,,JR255A_krill_image_21.JPG,JR255A_krill_image_22.JPG
40,RMT8,2,42,MS3,,JR255A_krill_image_21.JPG,JR255A_krill_image_22.JPG
40,RMT8,2,39,FS2,,JR255A_krill_image_21.JPG,JR255A_krill_image_22.JPG
40,RMT8,2,43,MS3,,JR255A_krill_image_21.JPG,JR255A_krill_image_22.JPG
40,RMT8,2,45,FS3,,JR255A_krill_image_21.JPG,JR255A_krill_image_22.JPG
40,RMT8,2,37,MS1,,JR255A_krill_image_21.JPG,JR255A_krill_image_22.JPG
40,RMT8,2,45,MS3,,JR255A_krill_image_21.JPG,JR255A_krill_image_22.JPG
40,RMT8,2,42,MS3,,JR255A_krill_image_21.JPG,JR255A_krill_image_22.JPG
40,RMT8,2,43,FS2,,JR255A_krill_image_21.JPG,JR255A_krill_image_22.JPG
40,RMT8,2,45,MS3,,JR255A_krill_image_21.JPG,JR255A_krill_image_22.JPG
40,RMT8,2,38,MS1,,JR255A_krill_image_21.JPG,JR255A_krill_image_22.JPG
40,RMT8,2,31,J,,JR255A_krill_image_21.JPG,JR255A_krill_image_22.JPG
40,RMT8,2,35,MS1,,JR255A_krill_image_21.JPG,JR255A_krill_image_22.JPG
40,RMT8,2,39,MS1,,JR255A_krill_image_21.JPG,JR255A_krill_image_22.JPG
40,RMT8,2,50,MS1,,JR255A_krill_image_21.JPG,JR255A_krill_image_22.JPG
40,RMT8,2,44,MS3,,JR255A_krill_image_21.JPG,JR255A_krill_image_22.JPG
40,RMT8,2,40,FS3,,JR255A_krill_image_21.JPG,JR255A_krill_image_22.JPG
40,RMT8,2,45,MS3,,JR255A_krill_image_21.JPG,JR255A_krill_image_22.JPG
40,RMT8,2,38,MS1,,JR255A_krill_image_21.JPG,JR255A_krill_image_22.JPG
40,RMT8,2,38,MS1,,JR255A_krill_image_21.JPG,JR255A_krill_image_22.JPG
40,RMT8,2,43,MS2,,JR255A_krill_image_21.JPG,JR255A_krill_image_22.JPG
40,RMT8,2,40,MS2,Board 2,JR255A_krill_image_23.JPG,JR255A_krill_image_24.JPG
40,RMT8,2,38,MS1,,JR255A_krill_image_23.JPG,JR255A_krill_image_24.JPG
40,RMT8,2,44,MS2,,JR255A_krill_image_23.JPG,JR255A_krill_image_24.JPG
40,RMT8,2,38,MS1,,JR255A_krill_image_23.JPG,JR255A_krill_image_24.JPG
40,RMT8,2,43,MS2,,JR255A_krill_image_23.JPG,JR255A_krill_image_24.JPG
40,RMT8,2,40,MS1,,JR255A_krill_image_23.JPG,JR255A_krill_image_24.JPG
40,RMT8,2,42,FS3,,JR255A_krill_image_23.JPG,JR255A_krill_image_24.JPG
40,RMT8,2,38,MS1,,JR255A_krill_image_23.JPG,JR255A_krill_image_24.JPG
40,RMT8,2,38,MS1,,JR255A_krill_image_23.JPG,JR255A_krill_image_24.JPG
40,RMT8,2,43,MS3,,JR255A_krill_image_23.JPG,JR255A_krill_image_24.JPG
40,RMT8,2,41,MS2,,JR255A_krill_image_23.JPG,JR255A_krill_image_24.JPG
40,RMT8,2,43,FS2,,JR255A_krill_image_23.JPG,JR255A_krill_image_24.JPG
40,RMT8,2,42,FS3,,JR255A_krill_image_23.JPG,JR255A_krill_image_24.JPG
40,RMT8,2,42,MS2,,JR255A_krill_image_23.JPG,JR255A_krill_image_24.JPG
40,RMT8,2,44,FS3,,JR255A_krill_image_23.JPG,JR255A_krill_image_24.JPG
40,RMT8,2,43,MS1,,JR255A_krill_image_23.JPG,JR255A_krill_image_24.JPG
40,RMT8,2,41,MS2,,JR255A_krill_image_23.JPG,JR255A_krill_image_24.JPG
40,RMT8,2,39,FS1,,JR255A_krill_image_23.JPG,JR255A_krill_image_24.JPG
40,RMT8,2,37,MS2,,JR255A_krill_image_23.JPG,JR255A_krill_image_24.JPG
40,RMT8,2,40,MS1,,JR255A_krill_image_23.JPG,JR255A_krill_image_24.JPG
40,RMT8,2,41,FS2,,JR255A_krill_image_23.JPG,JR255A_krill_image_24.JPG
40,RMT8,2,42,MS2,,JR255A_krill_image_23.JPG,JR255A_krill_image_24.JPG
40,RMT8,2,39,FS1,,JR255A_krill_image_23.JPG,JR255A_krill_image_24.JPG
40,RMT8,2,42,MS1,,JR255A_krill_image_23.JPG,JR255A_krill_image_24.JPG
40,RMT8,2,39,MS1,,JR255A_krill_image_23.JPG,JR255A_krill_image_24.JPG
40,RMT8,2,40,FS2,Board 3,JR255A_krill_image_25.JPG,JR255A_krill_image_26.JPG
40,RMT8,2,43,MS2,,JR255A_krill_image_25.JPG,JR255A_krill_image_26.JPG
40,RMT8,2,37,MS2,,JR255A_krill_image_25.JPG,JR255A_krill_image_26.JPG
40,RMT8,2,38,FS1,,JR255A_krill_image_25.JPG,JR255A_krill_image_26.JPG
40,RMT8,2,43,FS2,,JR255A_krill_image_25.JPG,JR255A_krill_image_26.JPG
40,RMT8,2,44,FS2,,JR255A_krill_image_25.JPG,JR255A_krill_image_26.JPG
40,RMT8,2,44,MS3,,JR255A_krill_image_25.JPG,JR255A_krill_image_26.JPG
40,RMT8,2,38,MS1,,JR255A_krill_image_25.JPG,JR255A_krill_image_26.JPG
40,RMT8,2,42,MS2,,JR255A_krill_image_25.JPG,JR255A_krill_image_26.JPG
40,RMT8,2,45,MS1,,JR255A_krill_image_25.JPG,JR255A_krill_image_26.JPG
40,RMT8,2,40,MS2,,JR255A_krill_image_25.JPG,JR255A_krill_image_26.JPG
40,RMT8,2,36,MS1,,JR255A_krill_image_25.JPG,JR255A_krill_image_26.JPG
40,RMT8,2,41,FS1,,JR255A_krill_image_25.JPG,JR255A_krill_image_26.JPG
40,RMT8,2,42,FS1,,JR255A_krill_image_25.JPG,JR255A_krill_image_26.JPG
40,RMT8,2,49,FS3,,JR255A_krill_image_25.JPG,JR255A_krill_image_26.JPG
40,RMT8,2,38,FS3,,JR255A_krill_image_25.JPG,JR255A_krill_image_26.JPG
40,RMT8,2,36,FS1,,JR255A_krill_image_25.JPG,JR255A_krill_image_26.JPG
40,RMT8,2,36,FS1,,JR255A_krill_image_25.JPG,JR255A_krill_image_26.JPG
40,RMT8,2,39,MS2,,JR255A_krill_image_25.JPG,JR255A_krill_image_26.JPG
40,RMT8,2,38,FS1,,JR255A_krill_image_25.JPG,JR255A_krill_image_26.JPG
40,RMT8,2,36,FS1,,JR255A_krill_image_25.JPG,JR255A_krill_image_26.JPG
40,RMT8,2,36,MS1,,JR255A_krill_image_25.JPG,JR255A_krill_image_26.JPG
40,RMT8,2,37,FS2,,JR255A_krill_image_25.JPG,JR255A_krill_image_26.JPG
40,RMT8,2,43,FS2,,JR255A_krill_image_25.JPG,JR255A_krill_image_26.JPG
40,RMT8,2,38,MS1,,JR255A_krill_image_25.JPG,JR255A_krill_image_26.JPG
40,RMT8,2,38,FS2,Board 4,JR255A_krill_image_27.JPG,JR255A_krill_image_28.JPG
40,RMT8,2,42,FS2,,JR255A_krill_image_27.JPG,JR255A_krill_image_28.JPG
40,RMT8,2,42,MS2,,JR255A_krill_image_27.JPG,JR255A_krill_image_28.JPG
40,RMT8,2,43,MS2,,JR255A_krill_image_27.JPG,JR255A_krill_image_28.JPG
40,RMT8,2,45,MS3,,JR255A_krill_image_27.JPG,JR255A_krill_image_28.JPG
40,RMT8,2,38,FS1,,JR255A_krill_image_27.JPG,JR255A_krill_image_28.JPG
40,RMT8,2,36,MS1,,JR255A_krill_image_27.JPG,JR255A_krill_image_28.JPG
40,RMT8,2,37,FS1,,JR255A_krill_image_27.JPG,JR255A_krill_image_28.JPG
40,RMT8,2,38,MS2,,JR255A_krill_image_27.JPG,JR255A_krill_image_28.JPG
40,RMT8,2,40,FS1,,JR255A_krill_image_27.JPG,JR255A_krill_image_28.JPG
40,RMT8,2,44,MS3,,JR255A_krill_image_27.JPG,JR255A_krill_image_28.JPG
40,RMT8,2,38,MS2,,JR255A_krill_image_27.JPG,JR255A_krill_image_28.JPG
40,RMT8,2,40,FS1,,JR255A_krill_image_27.JPG,JR255A_krill_image_28.JPG
40,RMT8,2,36,MS2,,JR255A_krill_image_27.JPG,JR255A_krill_image_28.JPG
40,RMT8,2,32,FS1,,JR255A_krill_image_27.JPG,JR255A_krill_image_28.JPG
40,RMT8,2,36,FS1,,JR255A_krill_image_27.JPG,JR255A_krill_image_28.JPG
40,RMT8,2,40,MS2,,JR255A_krill_image_27.JPG,JR255A_krill_image_28.JPG
40,RMT8,2,44,FS2,,JR255A_krill_image_27.JPG,JR255A_krill_image_28.JPG
40,RMT8,2,40,MS2,,JR255A_krill_image_27.JPG,JR255A_krill_image_28.JPG
40,RMT8,2,42,FS3,,JR255A_krill_image_27.JPG,JR255A_krill_image_28.JPG
40,RMT8,2,41,FS3,,JR255A_krill_image_27.JPG,JR255A_krill_image_28.JPG
40,RMT8,2,41,FS1,,JR255A_krill_image_27.JPG,JR255A_krill_image_28.JPG
40,RMT8,2,41,MS2,,JR255A_krill_image_27.JPG,JR255A_krill_image_28.JPG
40,RMT8,2,41,MS1,,JR255A_krill_image_27.JPG,JR255A_krill_image_28.JPG
40,RMT8,2,43,FS3,,JR255A_krill_image_27.JPG,JR255A_krill_image_28.JPG
70,RMT8,1,24,J,Board 1,JR255A_krill_image_29.JPG,JR255A_krill_image_30.JPG
70,RMT8,1,21,J,,JR255A_krill_image_29.JPG,JR255A_krill_image_30.JPG
70,RMT8,1,42,MS2,,JR255A_krill_image_29.JPG,JR255A_krill_image_30.JPG
70,RMT8,1,26,J,,JR255A_krill_image_29.JPG,JR255A_krill_image_30.JPG
70,RMT8,1,24,J,,JR255A_krill_image_29.JPG,JR255A_krill_image_30.JPG
70,RMT8,1,41,MS1,,JR255A_krill_image_29.JPG,JR255A_krill_image_30.JPG
70,RMT8,1,44,FS3,,JR255A_krill_image_29.JPG,JR255A_krill_image_30.JPG
70,RMT8,1,42,FS2,,JR255A_krill_image_29.JPG,JR255A_krill_image_30.JPG
70,RMT8,1,37,MS1,,JR255A_krill_image_29.JPG,JR255A_krill_image_30.JPG
70,RMT8,1,27,J,,JR255A_krill_image_29.JPG,JR255A_krill_image_30.JPG
70,RMT8,1,45,MS3,,JR255A_krill_image_29.JPG,JR255A_krill_image_30.JPG
70,RMT8,1,27,J,,JR255A_krill_image_29.JPG,JR255A_krill_image_30.JPG
70,RMT8,1,35,FS1,,JR255A_krill_image_29.JPG,JR255A_krill_image_30.JPG
70,RMT8,1,44,MS3,,JR255A_krill_image_29.JPG,JR255A_krill_image_30.JPG
70,RMT8,1,51,FS2,,JR255A_krill_image_29.JPG,JR255A_krill_image_30.JPG
70,RMT8,1,44,FS2,,JR255A_krill_image_29.JPG,JR255A_krill_image_30.JPG
70,RMT8,1,23,J,,JR255A_krill_image_29.JPG,JR255A_krill_image_30.JPG
70,RMT8,1,24,J,,JR255A_krill_image_29.JPG,JR255A_krill_image_30.JPG
70,RMT8,1,45,MS2,,JR255A_krill_image_29.JPG,JR255A_krill_image_30.JPG
70,RMT8,1,46,MS2,,JR255A_krill_image_29.JPG,JR255A_krill_image_30.JPG
70,RMT8,1,23,J,,JR255A_krill_image_29.JPG,JR255A_krill_image_30.JPG
70,RMT8,1,22,J,,JR255A_krill_image_29.JPG,JR255A_krill_image_30.JPG
70,RMT8,1,23,J,,JR255A_krill_image_29.JPG,JR255A_krill_image_30.JPG
70,RMT8,1,45,FS2,,JR255A_krill_image_29.JPG,JR255A_krill_image_30.JPG
70,RMT8,1,21,J,,JR255A_krill_image_29.JPG,JR255A_krill_image_30.JPG
70,RMT8,1,40,FS1,Board 2,JR255A_krill_image_31.JPG,JR255A_krill_image_32.JPG
70,RMT8,1,27,J,,JR255A_krill_image_31.JPG,JR255A_krill_image_32.JPG
70,RMT8,1,22,J,,JR255A_krill_image_31.JPG,JR255A_krill_image_32.JPG
70,RMT8,1,33,J,,JR255A_krill_image_31.JPG,JR255A_krill_image_32.JPG
70,RMT8,1,38,FS1,,JR255A_krill_image_31.JPG,JR255A_krill_image_32.JPG
70,RMT8,1,33,FS1,,JR255A_krill_image_31.JPG,JR255A_krill_image_32.JPG
70,RMT8,1,25,J,,JR255A_krill_image_31.JPG,JR255A_krill_image_32.JPG
70,RMT8,1,24,J,,JR255A_krill_image_31.JPG,JR255A_krill_image_32.JPG
70,RMT8,1,22,J,,JR255A_krill_image_31.JPG,JR255A_krill_image_32.JPG
70,RMT8,1,35,FS1,,JR255A_krill_image_31.JPG,JR255A_krill_image_32.JPG
70,RMT8,1,44,FS2,,JR255A_krill_image_31.JPG,JR255A_krill_image_32.JPG
70,RMT8,1,23,J,,JR255A_krill_image_31.JPG,JR255A_krill_image_32.JPG
70,RMT8,1,24,J,,JR255A_krill_image_31.JPG,JR255A_krill_image_32.JPG
70,RMT8,1,24,J,,JR255A_krill_image_31.JPG,JR255A_krill_image_32.JPG
70,RMT8,1,24,J,,JR255A_krill_image_31.JPG,JR255A_krill_image_32.JPG
70,RMT8,1,25,J,,JR255A_krill_image_31.JPG,JR255A_krill_image_32.JPG
70,RMT8,1,24,J,,JR255A_krill_image_31.JPG,JR255A_krill_image_32.JPG
70,RMT8,1,25,J,,JR255A_krill_image_31.JPG,JR255A_krill_image_32.JPG
70,RMT8,1,25,J,,JR255A_krill_image_31.JPG,JR255A_krill_image_32.JPG
70,RMT8,1,43,MS2,,JR255A_krill_image_31.JPG,JR255A_krill_image_32.JPG
70,RMT8,1,25,J,,JR255A_krill_image_31.JPG,JR255A_krill_image_32.JPG
70,RMT8,1,42,FS2,,JR255A_krill_image_31.JPG,JR255A_krill_image_32.JPG
70,RMT8,1,38,MS1,,JR255A_krill_image_31.JPG,JR255A_krill_image_32.JPG
70,RMT8,1,27,J,,JR255A_krill_image_31.JPG,JR255A_krill_image_32.JPG
70,RMT8,1,31,J,,JR255A_krill_image_31.JPG,JR255A_krill_image_32.JPG
70,RMT8,1,30,FS1,Board 3,JR255A_krill_image_33.JPG,JR255A_krill_image_34.JPG
70,RMT8,1,30,J,,JR255A_krill_image_33.JPG,JR255A_krill_image_34.JPG
70,RMT8,1,21,J,,JR255A_krill_image_33.JPG,JR255A_krill_image_34.JPG
70,RMT8,1,44,FS2,,JR255A_krill_image_33.JPG,JR255A_krill_image_34.JPG
70,RMT8,1,29,J,,JR255A_krill_image_33.JPG,JR255A_krill_image_34.JPG
70,RMT8,1,41,FS2,,JR255A_krill_image_33.JPG,JR255A_krill_image_34.JPG
70,RMT8,1,46,FS2,,JR255A_krill_image_33.JPG,JR255A_krill_image_34.JPG
70,RMT8,1,24,J,,JR255A_krill_image_33.JPG,JR255A_krill_image_34.JPG
70,RMT8,1,28,J,,JR255A_krill_image_33.JPG,JR255A_krill_image_34.JPG
70,RMT8,1,38,FS1,,JR255A_krill_image_33.JPG,JR255A_krill_image_34.JPG
70,RMT8,1,25,J,,JR255A_krill_image_33.JPG,JR255A_krill_image_34.JPG
70,RMT8,1,32,FS1,,JR255A_krill_image_33.JPG,JR255A_krill_image_34.JPG
70,RMT8,1,24,J,,JR255A_krill_image_33.JPG,JR255A_krill_image_34.JPG
70,RMT8,1,31,MS1,,JR255A_krill_image_33.JPG,JR255A_krill_image_34.JPG
70,RMT8,1,23,J,,JR255A_krill_image_33.JPG,JR255A_krill_image_34.JPG
70,RMT8,1,38,FS1,,JR255A_krill_image_33.JPG,JR255A_krill_image_34.JPG
70,RMT8,1,47,MS1,,JR255A_krill_image_33.JPG,JR255A_krill_image_34.JPG
70,RMT8,1,34,MS1,,JR255A_krill_image_33.JPG,JR255A_krill_image_34.JPG
70,RMT8,1,26,J,,JR255A_krill_image_33.JPG,JR255A_krill_image_34.JPG
70,RMT8,1,23,J,,JR255A_krill_image_33.JPG,JR255A_krill_image_34.JPG
70,RMT8,1,43,FS2,,JR255A_krill_image_33.JPG,JR255A_krill_image_34.JPG
70,RMT8,1,33,MS1,,JR255A_krill_image_33.JPG,JR255A_krill_image_34.JPG
70,RMT8,1,23,J,,JR255A_krill_image_33.JPG,JR255A_krill_image_34.JPG
70,RMT8,1,25,J,,JR255A_krill_image_33.JPG,JR255A_krill_image_34.JPG
70,RMT8,1,25,J,,JR255A_krill_image_33.JPG,JR255A_krill_image_34.JPG
70,RMT8,1,29,J,Board 4,JR255A_krill_image_35.JPG,JR255A_krill_image_36.JPG
70,RMT8,1,22,J,,JR255A_krill_image_35.JPG,JR255A_krill_image_36.JPG
70,RMT8,1,23,J,,JR255A_krill_image_35.JPG,JR255A_krill_image_36.JPG
70,RMT8,1,44,FS2,,JR255A_krill_image_35.JPG,JR255A_krill_image_36.JPG
70,RMT8,1,27,J,,JR255A_krill_image_35.JPG,JR255A_krill_image_36.JPG
70,RMT8,1,24,J,,JR255A_krill_image_35.JPG,JR255A_krill_image_36.JPG
70,RMT8,1,48,FS2,,JR255A_krill_image_35.JPG,JR255A_krill_image_36.JPG
70,RMT8,1,28,J,,JR255A_krill_image_35.JPG,JR255A_krill_image_36.JPG
70,RMT8,1,27,J,,JR255A_krill_image_35.JPG,JR255A_krill_image_36.JPG
70,RMT8,1,33,MS1,,JR255A_krill_image_35.JPG,JR255A_krill_image_36.JPG
70,RMT8,1,27,J,,JR255A_krill_image_35.JPG,JR255A_krill_image_36.JPG
70,RMT8,1,42,MS3,,JR255A_krill_image_35.JPG,JR255A_krill_image_36.JPG
70,RMT8,1,37,FS2,,JR255A_krill_image_35.JPG,JR255A_krill_image_36.JPG
70,RMT8,1,44,FS2,,JR255A_krill_image_35.JPG,JR255A_krill_image_36.JPG
70,RMT8,1,41,FS2,,JR255A_krill_image_35.JPG,JR255A_krill_image_36.JPG
70,RMT8,1,33,J,,JR255A_krill_image_35.JPG,JR255A_krill_image_36.JPG
70,RMT8,1,23,J,,JR255A_krill_image_35.JPG,JR255A_krill_image_36.JPG
70,RMT8,1,23,J,,JR255A_krill_image_35.JPG,JR255A_krill_image_36.JPG
70,RMT8,1,32,MS1,,JR255A_krill_image_35.JPG,JR255A_krill_image_36.JPG
70,RMT8,1,35,FS1,,JR255A_krill_image_35.JPG,JR255A_krill_image_36.JPG
70,RMT8,1,23,J,,JR255A_krill_image_35.JPG,JR255A_krill_image_36.JPG
70,RMT8,1,21,J,,JR255A_krill_image_35.JPG,JR255A_krill_image_36.JPG
70,RMT8,1,24,J,,JR255A_krill_image_35.JPG,JR255A_krill_image_36.JPG
70,RMT8,1,22,J,,JR255A_krill_image_35.JPG,JR255A_krill_image_36.JPG
70,RMT8,1,34,FS1,,JR255A_krill_image_35.JPG,JR255A_krill_image_36.JPG
74,RMT8,1,41,MS2,Board 1,JR255A_krill_image_53.JPG,JR255A_krill_image_54.JPG
74,RMT8,1,41,FS2,,JR255A_krill_image_53.JPG,JR255A_krill_image_54.JPG
74,RMT8,1,41,MS2,,JR255A_krill_image_53.JPG,JR255A_krill_image_54.JPG
74,RMT8,1,41,MS2,,JR255A_krill_image_53.JPG,JR255A_krill_image_54.JPG
74,RMT8,1,43,FS2,,JR255A_krill_image_53.JPG,JR255A_krill_image_54.JPG
74,RMT8,1,44,MS3,,JR255A_krill_image_53.JPG,JR255A_krill_image_54.JPG
74,RMT8,1,41,MS2,,JR255A_krill_image_53.JPG,JR255A_krill_image_54.JPG
74,RMT8,1,41,FS1,,JR255A_krill_image_53.JPG,JR255A_krill_image_54.JPG
74,RMT8,1,36,MS1,,JR255A_krill_image_53.JPG,JR255A_krill_image_54.JPG
74,RMT8,1,42,FS2,,JR255A_krill_image_53.JPG,JR255A_krill_image_54.JPG
74,RMT8,1,45,FS2,,JR255A_krill_image_53.JPG,JR255A_krill_image_54.JPG
74,RMT8,1,46,MS3,,JR255A_krill_image_53.JPG,JR255A_krill_image_54.JPG
74,RMT8,1,41,FS2,,JR255A_krill_image_53.JPG,JR255A_krill_image_54.JPG
74,RMT8,1,44,FS2,,JR255A_krill_image_53.JPG,JR255A_krill_image_54.JPG
74,RMT8,1,44,FS2,,JR255A_krill_image_53.JPG,JR255A_krill_image_54.JPG
74,RMT8,1,25,J,,JR255A_krill_image_53.JPG,JR255A_krill_image_54.JPG
74,RMT8,1,42,MS1,,JR255A_krill_image_53.JPG,JR255A_krill_image_54.JPG
74,RMT8,1,45,FS2,,JR255A_krill_image_53.JPG,JR255A_krill_image_54.JPG
74,RMT8,1,32,MS1,,JR255A_krill_image_53.JPG,JR255A_krill_image_54.JPG
74,RMT8,1,33,FS1,,JR255A_krill_image_53.JPG,JR255A_krill_image_54.JPG
74,RMT8,1,34,MS1,,JR255A_krill_image_53.JPG,JR255A_krill_image_54.JPG
74,RMT8,1,43,FS2,,JR255A_krill_image_53.JPG,JR255A_krill_image_54.JPG
74,RMT8,1,43,FS2,,JR255A_krill_image_53.JPG,JR255A_krill_image_54.JPG
74,RMT8,1,43,FS2,,JR255A_krill_image_53.JPG,JR255A_krill_image_54.JPG
74,RMT8,1,41,FS2,,JR255A_krill_image_53.JPG,JR255A_krill_image_54.JPG
74,RMT8,1,44,FS2,Board 2,JR255A_krill_image_55.JPG,JR255A_krill_image_56.JPG
74,RMT8,1,42,FS2,,JR255A_krill_image_55.JPG,JR255A_krill_image_56.JPG
74,RMT8,1,41,MS2,,JR255A_krill_image_55.JPG,JR255A_krill_image_56.JPG
74,RMT8,1,49,FS2,,JR255A_krill_image_55.JPG,JR255A_krill_image_56.JPG
74,RMT8,1,40,FS2,,JR255A_krill_image_55.JPG,JR255A_krill_image_56.JPG
74,RMT8,1,35,FS1,,JR255A_krill_image_55.JPG,JR255A_krill_image_56.JPG
74,RMT8,1,43,FS2,,JR255A_krill_image_55.JPG,JR255A_krill_image_56.JPG
74,RMT8,1,42,MS2,,JR255A_krill_image_55.JPG,JR255A_krill_image_56.JPG
74,RMT8,1,39,FS1,,JR255A_krill_image_55.JPG,JR255A_krill_image_56.JPG
74,RMT8,1,28,J,,JR255A_krill_image_55.JPG,JR255A_krill_image_56.JPG
74,RMT8,1,39,FS2,,JR255A_krill_image_55.JPG,JR255A_krill_image_56.JPG
74,RMT8,1,44,MS2,,JR255A_krill_image_55.JPG,JR255A_krill_image_56.JPG
74,RMT8,1,35,MS1,,JR255A_krill_image_55.JPG,JR255A_krill_image_56.JPG
74,RMT8,1,36,MS1,,JR255A_krill_image_55.JPG,JR255A_krill_image_56.JPG
74,RMT8,1,42,FS2,,JR255A_krill_image_55.JPG,JR255A_krill_image_56.JPG
74,RMT8,1,39,FS2,,JR255A_krill_image_55.JPG,JR255A_krill_image_56.JPG
74,RMT8,1,43,MS2,,JR255A_krill_image_55.JPG,JR255A_krill_image_56.JPG
74,RMT8,1,31,J,,JR255A_krill_image_55.JPG,JR255A_krill_image_56.JPG
74,RMT8,1,30,J,,JR255A_krill_image_55.JPG,JR255A_krill_image_56.JPG
74,RMT8,1,33,MS1,,JR255A_krill_image_55.JPG,JR255A_krill_image_56.JPG
74,RMT8,1,38,MS1,,JR255A_krill_image_55.JPG,JR255A_krill_image_56.JPG
74,RMT8,1,32,J,,JR255A_krill_image_55.JPG,JR255A_krill_image_56.JPG
74,RMT8,1,44,FS2,,JR255A_krill_image_55.JPG,JR255A_krill_image_56.JPG
74,RMT8,1,41,MS1,,JR255A_krill_image_55.JPG,JR255A_krill_image_56.JPG
74,RMT8,1,37,MS1,,JR255A_krill_image_55.JPG,JR255A_krill_image_56.JPG
74,RMT8,1,41,FS2,Board 3,JR255A_krill_image_57.JPG,JR255A_krill_image_58.JPG
74,RMT8,1,36,MS2,,JR255A_krill_image_57.JPG,JR255A_krill_image_58.JPG
74,RMT8,1,37,MS1,,JR255A_krill_image_57.JPG,JR255A_krill_image_58.JPG
74,RMT8,1,28,J,,JR255A_krill_image_57.JPG,JR255A_krill_image_58.JPG
74,RMT8,1,45,MS3,,JR255A_krill_image_57.JPG,JR255A_krill_image_58.JPG
74,RMT8,1,41,MS2,,JR255A_krill_image_57.JPG,JR255A_krill_image_58.JPG
74,RMT8,1,34,FS1,,JR255A_krill_image_57.JPG,JR255A_krill_image_58.JPG
74,RMT8,1,28,J,,JR255A_krill_image_57.JPG,JR255A_krill_image_58.JPG
74,RMT8,1,33,FS1,,JR255A_krill_image_57.JPG,JR255A_krill_image_58.JPG
74,RMT8,1,41,MS2,,JR255A_krill_image_57.JPG,JR255A_krill_image_58.JPG
74,RMT8,1,33,MS1,,JR255A_krill_image_57.JPG,JR255A_krill_image_58.JPG
74,RMT8,1,43,FS2,,JR255A_krill_image_57.JPG,JR255A_krill_image_58.JPG
74,RMT8,1,32,FS1,,JR255A_krill_image_57.JPG,JR255A_krill_image_58.JPG
74,RMT8,1,44,MS3,,JR255A_krill_image_57.JPG,JR255A_krill_image_58.JPG
74,RMT8,1,37,MS2,,JR255A_krill_image_57.JPG,JR255A_krill_image_58.JPG
74,RMT8,1,31,J,,JR255A_krill_image_57.JPG,JR255A_krill_image_58.JPG
74,RMT8,1,41,FS2,,JR255A_krill_image_57.JPG,JR255A_krill_image_58.JPG
74,RMT8,1,45,MS3,,JR255A_krill_image_57.JPG,JR255A_krill_image_58.JPG
74,RMT8,1,34,MS1,,JR255A_krill_image_57.JPG,JR255A_krill_image_58.JPG
74,RMT8,1,27,J,,JR255A_krill_image_57.JPG,JR255A_krill_image_58.JPG
74,RMT8,1,41,MS1,,JR255A_krill_image_57.JPG,JR255A_krill_image_58.JPG
74,RMT8,1,29,J,,JR255A_krill_image_57.JPG,JR255A_krill_image_58.JPG
74,RMT8,1,35,J,,JR255A_krill_image_57.JPG,JR255A_krill_image_58.JPG
74,RMT8,1,44,MS1,,JR255A_krill_image_57.JPG,JR255A_krill_image_58.JPG
74,RMT8,1,40,FS2,,JR255A_krill_image_57.JPG,JR255A_krill_image_58.JPG
74,RMT8,1,41,MS3,Board 4,JR255A_krill_image_59.JPG,JR255A_krill_image_60.JPG
74,RMT8,1,43,MS1,,JR255A_krill_image_59.JPG,JR255A_krill_image_60.JPG
74,RMT8,1,37,FS2,,JR255A_krill_image_59.JPG,JR255A_krill_image_60.JPG
74,RMT8,1,30,J,,JR255A_krill_image_59.JPG,JR255A_krill_image_60.JPG
74,RMT8,1,42,MS3,,JR255A_krill_image_59.JPG,JR255A_krill_image_60.JPG
74,RMT8,1,43,FS2,,JR255A_krill_image_59.JPG,JR255A_krill_image_60.JPG
74,RMT8,1,36,FS2,,JR255A_krill_image_59.JPG,JR255A_krill_image_60.JPG
74,RMT8,1,35,,,JR255A_krill_image_59.JPG,JR255A_krill_image_60.JPG
74,RMT8,1,40,MS2,,JR255A_krill_image_59.JPG,JR255A_krill_image_60.JPG
74,RMT8,1,37,MS1,,JR255A_krill_image_59.JPG,JR255A_krill_image_60.JPG
74,RMT8,1,40,MS1,,JR255A_krill_image_59.JPG,JR255A_krill_image_60.JPG
74,RMT8,1,44,MS2,,JR255A_krill_image_59.JPG,JR255A_krill_image_60.JPG
74,RMT8,1,32,MS1,,JR255A_krill_image_59.JPG,JR255A_krill_image_60.JPG
74,RMT8,1,43,FS2,,JR255A_krill_image_59.JPG,JR255A_krill_image_60.JPG
74,RMT8,1,32,MS1,,JR255A_krill_image_59.JPG,JR255A_krill_image_60.JPG
74,RMT8,2,46,MS3,Board 1,JR255A_krill_image_45.JPG,JR255A_krill_image_46.JPG
74,RMT8,2,31,J,,JR255A_krill_image_45.JPG,JR255A_krill_image_46.JPG
74,RMT8,2,35,MS1,,JR255A_krill_image_45.JPG,JR255A_krill_image_46.JPG
74,RMT8,2,40,FS1,,JR255A_krill_image_45.JPG,JR255A_krill_image_46.JPG
74,RMT8,2,38,FS2,,JR255A_krill_image_45.JPG,JR255A_krill_image_46.JPG
74,RMT8,2,39,MS1,,JR255A_krill_image_45.JPG,JR255A_krill_image_46.JPG
74,RMT8,2,22,J,,JR255A_krill_image_45.JPG,JR255A_krill_image_46.JPG
74,RMT8,2,42,MS1,,JR255A_krill_image_45.JPG,JR255A_krill_image_46.JPG
74,RMT8,2,40,FS2,,JR255A_krill_image_45.JPG,JR255A_krill_image_46.JPG
74,RMT8,2,38,MS2,,JR255A_krill_image_45.JPG,JR255A_krill_image_46.JPG
74,RMT8,2,26,J,,JR255A_krill_image_45.JPG,JR255A_krill_image_46.JPG
74,RMT8,2,34,FS1,,JR255A_krill_image_45.JPG,JR255A_krill_image_46.JPG
74,RMT8,2,43,FS2,,JR255A_krill_image_45.JPG,JR255A_krill_image_46.JPG
74,RMT8,2,31,J,,JR255A_krill_image_45.JPG,JR255A_krill_image_46.JPG
74,RMT8,2,39,FS2,,JR255A_krill_image_45.JPG,JR255A_krill_image_46.JPG
74,RMT8,2,44,FS2,,JR255A_krill_image_45.JPG,JR255A_krill_image_46.JPG
74,RMT8,2,20,J,,JR255A_krill_image_45.JPG,JR255A_krill_image_46.JPG
74,RMT8,2,29,J,,JR255A_krill_image_45.JPG,JR255A_krill_image_46.JPG
74,RMT8,2,21,J,,JR255A_krill_image_45.JPG,JR255A_krill_image_46.JPG
74,RMT8,2,42,FS2,,JR255A_krill_image_45.JPG,JR255A_krill_image_46.JPG
74,RMT8,2,46,FS2,,JR255A_krill_image_45.JPG,JR255A_krill_image_46.JPG
74,RMT8,2,20,J,,JR255A_krill_image_45.JPG,JR255A_krill_image_46.JPG
74,RMT8,2,42,FS2,,JR255A_krill_image_45.JPG,JR255A_krill_image_46.JPG
74,RMT8,2,37,FS2,,JR255A_krill_image_45.JPG,JR255A_krill_image_46.JPG
74,RMT8,2,42,FS2,,JR255A_krill_image_45.JPG,JR255A_krill_image_46.JPG
74,RMT8,2,32,J,Board 2,JR255A_krill_image_47.JPG,JR255A_krill_image_48.JPG
74,RMT8,2,22,J,,JR255A_krill_image_47.JPG,JR255A_krill_image_48.JPG
74,RMT8,2,41,MS1,,JR255A_krill_image_47.JPG,JR255A_krill_image_48.JPG
74,RMT8,2,22,J,,JR255A_krill_image_47.JPG,JR255A_krill_image_48.JPG
74,RMT8,2,48,FS2,,JR255A_krill_image_47.JPG,JR255A_krill_image_48.JPG
74,RMT8,2,23,J,,JR255A_krill_image_47.JPG,JR255A_krill_image_48.JPG
74,RMT8,2,39,MS1,,JR255A_krill_image_47.JPG,JR255A_krill_image_48.JPG
74,RMT8,2,36,FS1,,JR255A_krill_image_47.JPG,JR255A_krill_image_48.JPG
74,RMT8,2,33,J,,JR255A_krill_image_47.JPG,JR255A_krill_image_48.JPG
74,RMT8,2,37,FS2,,JR255A_krill_image_47.JPG,JR255A_krill_image_48.JPG
74,RMT8,2,28,J,,JR255A_krill_image_47.JPG,JR255A_krill_image_48.JPG
74,RMT8,2,36,FS2,,JR255A_krill_image_47.JPG,JR255A_krill_image_48.JPG
74,RMT8,2,37,FS1,,JR255A_krill_image_47.JPG,JR255A_krill_image_48.JPG
74,RMT8,2,44,MS2,,JR255A_krill_image_47.JPG,JR255A_krill_image_48.JPG
74,RMT8,2,27,J,,JR255A_krill_image_47.JPG,JR255A_krill_image_48.JPG
74,RMT8,2,40,MS2,,JR255A_krill_image_47.JPG,JR255A_krill_image_48.JPG
74,RMT8,2,29,J,,JR255A_krill_image_47.JPG,JR255A_krill_image_48.JPG
74,RMT8,2,32,J,,JR255A_krill_image_47.JPG,JR255A_krill_image_48.JPG
74,RMT8,2,45,FS2,,JR255A_krill_image_47.JPG,JR255A_krill_image_48.JPG
74,RMT8,2,27,J,,JR255A_krill_image_47.JPG,JR255A_krill_image_48.JPG
74,RMT8,2,25,J,,JR255A_krill_image_47.JPG,JR255A_krill_image_48.JPG
74,RMT8,2,36,MS1,,JR255A_krill_image_47.JPG,JR255A_krill_image_48.JPG
74,RMT8,2,29,J,,JR255A_krill_image_47.JPG,JR255A_krill_image_48.JPG
74,RMT8,2,35,MS1,,JR255A_krill_image_47.JPG,JR255A_krill_image_48.JPG
74,RMT8,2,21,J,,JR255A_krill_image_47.JPG,JR255A_krill_image_48.JPG
74,RMT8,2,41,MS2,Board 3,JR255A_krill_image_49.JPG,JR255A_krill_image_50.JPG
74,RMT8,2,22,J,,JR255A_krill_image_49.JPG,JR255A_krill_image_50.JPG
74,RMT8,2,31,FS1,,JR255A_krill_image_49.JPG,JR255A_krill_image_50.JPG
74,RMT8,2,35,FS1,,JR255A_krill_image_49.JPG,JR255A_krill_image_50.JPG
74,RMT8,2,39,FS2,,JR255A_krill_image_49.JPG,JR255A_krill_image_50.JPG
74,RMT8,2,36,MS1,,JR255A_krill_image_49.JPG,JR255A_krill_image_50.JPG
74,RMT8,2,45,FS2,,JR255A_krill_image_49.JPG,JR255A_krill_image_50.JPG
74,RMT8,2,36,FS1,,JR255A_krill_image_49.JPG,JR255A_krill_image_50.JPG
74,RMT8,2,40,MS1,,JR255A_krill_image_49.JPG,JR255A_krill_image_50.JPG
74,RMT8,2,27,J,,JR255A_krill_image_49.JPG,JR255A_krill_image_50.JPG
74,RMT8,2,19,J,,JR255A_krill_image_49.JPG,JR255A_krill_image_50.JPG
74,RMT8,2,41,MS1,,JR255A_krill_image_49.JPG,JR255A_krill_image_50.JPG
74,RMT8,2,34,MS1,,JR255A_krill_image_49.JPG,JR255A_krill_image_50.JPG
74,RMT8,2,21,J,,JR255A_krill_image_49.JPG,JR255A_krill_image_50.JPG
74,RMT8,2,24,J,,JR255A_krill_image_49.JPG,JR255A_krill_image_50.JPG
74,RMT8,2,41,MS2,,JR255A_krill_image_49.JPG,JR255A_krill_image_50.JPG
74,RMT8,2,28,J,,JR255A_krill_image_49.JPG,JR255A_krill_image_50.JPG
74,RMT8,2,37,MS1,,JR255A_krill_image_49.JPG,JR255A_krill_image_50.JPG
74,RMT8,2,34,MS1,,JR255A_krill_image_49.JPG,JR255A_krill_image_50.JPG
74,RMT8,2,38,FS1,,JR255A_krill_image_49.JPG,JR255A_krill_image_50.JPG
74,RMT8,2,25,J,,JR255A_krill_image_49.JPG,JR255A_krill_image_50.JPG
74,RMT8,2,34,MS1,,JR255A_krill_image_49.JPG,JR255A_krill_image_50.JPG
74,RMT8,2,26,J,,JR255A_krill_image_49.JPG,JR255A_krill_image_50.JPG
74,RMT8,2,35,FS1,,JR255A_krill_image_49.JPG,JR255A_krill_image_50.JPG
74,RMT8,2,31,J,,JR255A_krill_image_49.JPG,JR255A_krill_image_50.JPG
74,RMT8,2,38,FS1,Board 4,JR255A_krill_image_51.JPG,JR255A_krill_image_52.JPG
74,RMT8,2,24,J,,JR255A_krill_image_51.JPG,JR255A_krill_image_52.JPG
74,RMT8,2,18,J,,JR255A_krill_image_51.JPG,JR255A_krill_image_52.JPG
74,RMT8,2,20,J,,JR255A_krill_image_51.JPG,JR255A_krill_image_52.JPG
74,RMT8,2,25,J,,JR255A_krill_image_51.JPG,JR255A_krill_image_52.JPG
74,RMT8,2,37,MS1,,JR255A_krill_image_51.JPG,JR255A_krill_image_52.JPG
74,RMT8,2,27,J,,JR255A_krill_image_51.JPG,JR255A_krill_image_52.JPG
74,RMT8,2,22,J,,JR255A_krill_image_51.JPG,JR255A_krill_image_52.JPG
74,RMT8,2,25,J,,JR255A_krill_image_51.JPG,JR255A_krill_image_52.JPG
74,RMT8,2,19,J,,JR255A_krill_image_51.JPG,JR255A_krill_image_52.JPG
74,RMT8,2,24,J,,JR255A_krill_image_51.JPG,JR255A_krill_image_52.JPG
74,RMT8,2,28,J,,JR255A_krill_image_51.JPG,JR255A_krill_image_52.JPG
74,RMT8,2,23,J,,JR255A_krill_image_51.JPG,JR255A_krill_image_52.JPG
74,RMT8,2,21,J,,JR255A_krill_image_51.JPG,JR255A_krill_image_52.JPG
74,RMT8,2,29,J,,JR255A_krill_image_51.JPG,JR255A_krill_image_52.JPG
74,RMT8,2,28,J,,JR255A_krill_image_51.JPG,JR255A_krill_image_52.JPG
74,RMT8,2,22,J,,JR255A_krill_image_51.JPG,JR255A_krill_image_52.JPG
74,RMT8,2,26,J,,JR255A_krill_image_51.JPG,JR255A_krill_image_52.JPG
74,RMT8,2,26,J,,JR255A_krill_image_51.JPG,JR255A_krill_image_52.JPG
74,RMT8,2,22,J,,JR255A_krill_image_51.JPG,JR255A_krill_image_52.JPG
74,RMT8,2,21,J,,JR255A_krill_image_51.JPG,JR255A_krill_image_52.JPG
74,RMT8,2,23,J,,JR255A_krill_image_51.JPG,JR255A_krill_image_52.JPG
74,RMT8,2,20,J,,JR255A_krill_image_51.JPG,JR255A_krill_image_52.JPG
74,RMT8,2,22,J,,JR255A_krill_image_51.JPG,JR255A_krill_image_52.JPG
74,RMT8,2,21,J,,JR255A_krill_image_51.JPG,JR255A_krill_image_52.JPG
78,RMT8,1,20,J,Board 1,JR255A_krill_image_61.JPG,JR255A_krill_image_62.JPG
78,RMT8,1,23,J,,JR255A_krill_image_61.JPG,JR255A_krill_image_62.JPG
78,RMT8,1,23,J,,JR255A_krill_image_61.JPG,JR255A_krill_image_62.JPG
78,RMT8,1,22,J,,JR255A_krill_image_61.JPG,JR255A_krill_image_62.JPG
78,RMT8,1,50,MS1,,JR255A_krill_image_61.JPG,JR255A_krill_image_62.JPG
78,RMT8,1,20,J,,JR255A_krill_image_61.JPG,JR255A_krill_image_62.JPG
78,RMT8,1,26,J,,JR255A_krill_image_61.JPG,JR255A_krill_image_62.JPG
78,RMT8,1,35,MS1,,JR255A_krill_image_61.JPG,JR255A_krill_image_62.JPG
78,RMT8,1,20,J,,JR255A_krill_image_61.JPG,JR255A_krill_image_62.JPG
78,RMT8,1,23,J,,JR255A_krill_image_61.JPG,JR255A_krill_image_62.JPG
78,RMT8,1,24,J,,JR255A_krill_image_61.JPG,JR255A_krill_image_62.JPG
78,RMT8,1,22,J,,JR255A_krill_image_61.JPG,JR255A_krill_image_62.JPG
78,RMT8,1,25,J,,JR255A_krill_image_61.JPG,JR255A_krill_image_62.JPG
78,RMT8,1,41,FS2,,JR255A_krill_image_61.JPG,JR255A_krill_image_62.JPG
78,RMT8,1,35,FS1,,JR255A_krill_image_61.JPG,JR255A_krill_image_62.JPG
78,RMT8,1,25,J,,JR255A_krill_image_61.JPG,JR255A_krill_image_62.JPG
78,RMT8,1,39,MS1,,JR255A_krill_image_61.JPG,JR255A_krill_image_62.JPG
78,RMT8,1,23,J,,JR255A_krill_image_61.JPG,JR255A_krill_image_62.JPG
78,RMT8,1,22,J,,JR255A_krill_image_61.JPG,JR255A_krill_image_62.JPG
78,RMT8,1,28,J,,JR255A_krill_image_61.JPG,JR255A_krill_image_62.JPG
78,RMT8,1,22,J,,JR255A_krill_image_61.JPG,JR255A_krill_image_62.JPG
78,RMT8,1,24,J,,JR255A_krill_image_61.JPG,JR255A_krill_image_62.JPG
78,RMT8,1,22,J,,JR255A_krill_image_61.JPG,JR255A_krill_image_62.JPG
78,RMT8,1,45,FS2,,JR255A_krill_image_61.JPG,JR255A_krill_image_62.JPG
78,RMT8,1,28,J,,JR255A_krill_image_61.JPG,JR255A_krill_image_62.JPG
78,RMT8,1,41,FS2,Board 2,JR255A_krill_image_63.JPG,JR255A_krill_image_64.JPG
78,RMT8,1,23,J,,JR255A_krill_image_63.JPG,JR255A_krill_image_64.JPG
78,RMT8,1,22,J,,JR255A_krill_image_63.JPG,JR255A_krill_image_64.JPG
78,RMT8,1,22,J,,JR255A_krill_image_63.JPG,JR255A_krill_image_64.JPG
78,RMT8,1,25,J,,JR255A_krill_image_63.JPG,JR255A_krill_image_64.JPG
78,RMT8,1,22,J,,JR255A_krill_image_63.JPG,JR255A_krill_image_64.JPG
78,RMT8,1,21,J,,JR255A_krill_image_63.JPG,JR255A_krill_image_64.JPG
78,RMT8,1,25,J,,JR255A_krill_image_63.JPG,JR255A_krill_image_64.JPG
78,RMT8,1,23,J,,JR255A_krill_image_63.JPG,JR255A_krill_image_64.JPG
78,RMT8,1,23,J,,JR255A_krill_image_63.JPG,JR255A_krill_image_64.JPG
78,RMT8,1,23,J,,JR255A_krill_image_63.JPG,JR255A_krill_image_64.JPG
78,RMT8,1,22,J,,JR255A_krill_image_63.JPG,JR255A_krill_image_64.JPG
78,RMT8,1,23,J,,JR255A_krill_image_63.JPG,JR255A_krill_image_64.JPG
78,RMT8,1,34,MS1,,JR255A_krill_image_63.JPG,JR255A_krill_image_64.JPG
78,RMT8,1,44,MS2,,JR255A_krill_image_63.JPG,JR255A_krill_image_64.JPG
78,RMT8,1,33,J,,JR255A_krill_image_63.JPG,JR255A_krill_image_64.JPG
78,RMT8,1,28,J,,JR255A_krill_image_63.JPG,JR255A_krill_image_64.JPG
78,RMT8,1,22,J,,JR255A_krill_image_63.JPG,JR255A_krill_image_64.JPG
78,RMT8,1,24,J,,JR255A_krill_image_63.JPG,JR255A_krill_image_64.JPG
78,RMT8,1,24,J,,JR255A_krill_image_63.JPG,JR255A_krill_image_64.JPG
78,RMT8,1,21,J,,JR255A_krill_image_63.JPG,JR255A_krill_image_64.JPG
78,RMT8,1,22,J,,JR255A_krill_image_63.JPG,JR255A_krill_image_64.JPG
78,RMT8,1,24,J,,JR255A_krill_image_63.JPG,JR255A_krill_image_64.JPG
78,RMT8,1,22,J,,JR255A_krill_image_63.JPG,JR255A_krill_image_64.JPG
78,RMT8,1,26,J,,JR255A_krill_image_63.JPG,JR255A_krill_image_64.JPG
78,RMT8,1,23,J,Board 3,JR255A_krill_image_65.JPG,JR255A_krill_image_66.JPG
78,RMT8,1,21,J,,JR255A_krill_image_65.JPG,JR255A_krill_image_66.JPG
78,RMT8,1,23,J,,JR255A_krill_image_65.JPG,JR255A_krill_image_66.JPG
78,RMT8,1,32,FS1,,JR255A_krill_image_65.JPG,JR255A_krill_image_66.JPG
78,RMT8,1,22,J,,JR255A_krill_image_65.JPG,JR255A_krill_image_66.JPG
78,RMT8,1,23,J,,JR255A_krill_image_65.JPG,JR255A_krill_image_66.JPG
78,RMT8,1,25,J,,JR255A_krill_image_65.JPG,JR255A_krill_image_66.JPG
78,RMT8,1,23,J,,JR255A_krill_image_65.JPG,JR255A_krill_image_66.JPG
78,RMT8,1,23,J,,JR255A_krill_image_65.JPG,JR255A_krill_image_66.JPG
78,RMT8,1,22,J,,JR255A_krill_image_65.JPG,JR255A_krill_image_66.JPG
78,RMT8,1,23,J,,JR255A_krill_image_65.JPG,JR255A_krill_image_66.JPG
78,RMT8,1,29,J,,JR255A_krill_image_65.JPG,JR255A_krill_image_66.JPG
78,RMT8,1,25,J,,JR255A_krill_image_65.JPG,JR255A_krill_image_66.JPG
78,RMT8,1,24,J,,JR255A_krill_image_65.JPG,JR255A_krill_image_66.JPG
78,RMT8,1,25,J,,JR255A_krill_image_65.JPG,JR255A_krill_image_66.JPG
78,RMT8,1,24,J,,JR255A_krill_image_65.JPG,JR255A_krill_image_66.JPG
78,RMT8,1,23,J,,JR255A_krill_image_65.JPG,JR255A_krill_image_66.JPG
78,RMT8,1,18,J,,JR255A_krill_image_65.JPG,JR255A_krill_image_66.JPG
78,RMT8,1,23,J,,JR255A_krill_image_65.JPG,JR255A_krill_image_66.JPG
78,RMT8,1,43,MS2,,JR255A_krill_image_65.JPG,JR255A_krill_image_66.JPG
78,RMT8,1,24,J,,JR255A_krill_image_65.JPG,JR255A_krill_image_66.JPG
78,RMT8,1,23,J,,JR255A_krill_image_65.JPG,JR255A_krill_image_66.JPG
78,RMT8,1,23,J,,JR255A_krill_image_65.JPG,JR255A_krill_image_66.JPG
78,RMT8,1,23,J,,JR255A_krill_image_65.JPG,JR255A_krill_image_66.JPG
78,RMT8,1,23,J,,JR255A_krill_image_65.JPG,JR255A_krill_image_66.JPG
78,RMT8,1,38,FS1,Board 4,JR255A_krill_image_67.JPG,JR255A_krill_image_68.JPG
78,RMT8,1,24,J,,JR255A_krill_image_67.JPG,JR255A_krill_image_68.JPG
78,RMT8,1,23,J,,JR255A_krill_image_67.JPG,JR255A_krill_image_68.JPG
78,RMT8,1,24,J,,JR255A_krill_image_67.JPG,JR255A_krill_image_68.JPG
78,RMT8,1,21,J,,JR255A_krill_image_67.JPG,JR255A_krill_image_68.JPG
78,RMT8,1,22,J,,JR255A_krill_image_67.JPG,JR255A_krill_image_68.JPG
78,RMT8,1,23,J,,JR255A_krill_image_67.JPG,JR255A_krill_image_68.JPG
78,RMT8,1,20,J,,JR255A_krill_image_67.JPG,JR255A_krill_image_68.JPG
78,RMT8,1,20,J,,JR255A_krill_image_67.JPG,JR255A_krill_image_68.JPG
78,RMT8,1,26,J,,JR255A_krill_image_67.JPG,JR255A_krill_image_68.JPG
78,RMT8,1,26,J,,JR255A_krill_image_67.JPG,JR255A_krill_image_68.JPG
78,RMT8,1,44,FS1,,JR255A_krill_image_67.JPG,JR255A_krill_image_68.JPG
78,RMT8,1,32,J,,JR255A_krill_image_67.JPG,JR255A_krill_image_68.JPG
78,RMT8,1,26,J,,JR255A_krill_image_67.JPG,JR255A_krill_image_68.JPG
78,RMT8,1,20,J,,JR255A_krill_image_67.JPG,JR255A_krill_image_68.JPG
78,RMT8,1,25,J,,JR255A_krill_image_67.JPG,JR255A_krill_image_68.JPG
78,RMT8,1,26,J,,JR255A_krill_image_67.JPG,JR255A_krill_image_68.JPG
78,RMT8,1,37,FS1,,JR255A_krill_image_67.JPG,JR255A_krill_image_68.JPG
78,RMT8,1,30,J,,JR255A_krill_image_67.JPG,JR255A_krill_image_68.JPG
78,RMT8,1,21,J,,JR255A_krill_image_67.JPG,JR255A_krill_image_68.JPG
78,RMT8,1,28,J,,JR255A_krill_image_67.JPG,JR255A_krill_image_68.JPG
78,RMT8,1,23,J,,JR255A_krill_image_67.JPG,JR255A_krill_image_68.JPG
78,RMT8,1,22,J,,JR255A_krill_image_67.JPG,JR255A_krill_image_68.JPG
78,RMT8,1,25,J,,JR255A_krill_image_67.JPG,JR255A_krill_image_68.JPG
78,RMT8,1,40,FS2,,JR255A_krill_image_67.JPG,JR255A_krill_image_68.JPG
78,RMT8,2,37,MS1,Board 1,JR255A_krill_image_69.JPG,JR255A_krill_image_70.JPG
78,RMT8,2,38,MS2,,JR255A_krill_image_69.JPG,JR255A_krill_image_70.JPG
78,RMT8,2,37,MS2,,JR255A_krill_image_69.JPG,JR255A_krill_image_70.JPG
78,RMT8,2,38,FS1,,JR255A_krill_image_69.JPG,JR255A_krill_image_70.JPG
78,RMT8,2,25,J,,JR255A_krill_image_69.JPG,JR255A_krill_image_70.JPG
78,RMT8,2,43,MS3,,JR255A_krill_image_69.JPG,JR255A_krill_image_70.JPG
78,RMT8,2,35,MS1,,JR255A_krill_image_69.JPG,JR255A_krill_image_70.JPG
78,RMT8,2,34,MS1,,JR255A_krill_image_69.JPG,JR255A_krill_image_70.JPG
78,RMT8,2,30,J,,JR255A_krill_image_69.JPG,JR255A_krill_image_70.JPG
78,RMT8,2,26,J,,JR255A_krill_image_69.JPG,JR255A_krill_image_70.JPG
78,RMT8,2,38,FS1,,JR255A_krill_image_69.JPG,JR255A_krill_image_70.JPG
78,RMT8,2,43,FS2,,JR255A_krill_image_69.JPG,JR255A_krill_image_70.JPG
78,RMT8,2,23,J,,JR255A_krill_image_69.JPG,JR255A_krill_image_70.JPG
78,RMT8,2,46,MS3,,JR255A_krill_image_69.JPG,JR255A_krill_image_70.JPG
78,RMT8,2,29,J,,JR255A_krill_image_69.JPG,JR255A_krill_image_70.JPG
78,RMT8,2,25,J,,JR255A_krill_image_69.JPG,JR255A_krill_image_70.JPG
78,RMT8,2,40,MS2,,JR255A_krill_image_69.JPG,JR255A_krill_image_70.JPG
78,RMT8,2,38,MS2,,JR255A_krill_image_69.JPG,JR255A_krill_image_70.JPG
78,RMT8,2,33,FS1,,JR255A_krill_image_69.JPG,JR255A_krill_image_70.JPG
78,RMT8,2,42,MS2,,JR255A_krill_image_69.JPG,JR255A_krill_image_70.JPG
78,RMT8,2,42,FS2,,JR255A_krill_image_69.JPG,JR255A_krill_image_70.JPG
78,RMT8,2,24,J,,JR255A_krill_image_69.JPG,JR255A_krill_image_70.JPG
78,RMT8,2,42,MS3,,JR255A_krill_image_69.JPG,JR255A_krill_image_70.JPG
78,RMT8,2,26,J,,JR255A_krill_image_69.JPG,JR255A_krill_image_70.JPG
78,RMT8,2,28,J,,JR255A_krill_image_69.JPG,JR255A_krill_image_70.JPG
78,RMT8,2,32,FS1,Board 2,JR255A_krill_image_71.JPG,JR255A_krill_image_72.JPG
78,RMT8,2,32,J,,JR255A_krill_image_71.JPG,JR255A_krill_image_72.JPG
78,RMT8,2,35,MS1,,JR255A_krill_image_71.JPG,JR255A_krill_image_72.JPG
78,RMT8,2,27,J,,JR255A_krill_image_71.JPG,JR255A_krill_image_72.JPG
78,RMT8,2,24,J,,JR255A_krill_image_71.JPG,JR255A_krill_image_72.JPG
78,RMT8,2,41,MS2,,JR255A_krill_image_71.JPG,JR255A_krill_image_72.JPG
78,RMT8,2,23,J,,JR255A_krill_image_71.JPG,JR255A_krill_image_72.JPG
78,RMT8,2,39,FS1,,JR255A_krill_image_71.JPG,JR255A_krill_image_72.JPG
78,RMT8,2,24,J,,JR255A_krill_image_71.JPG,JR255A_krill_image_72.JPG
78,RMT8,2,24,J,,JR255A_krill_image_71.JPG,JR255A_krill_image_72.JPG
78,RMT8,2,28,J,,JR255A_krill_image_71.JPG,JR255A_krill_image_72.JPG
78,RMT8,2,39,MS3,,JR255A_krill_image_71.JPG,JR255A_krill_image_72.JPG
78,RMT8,2,43,MS3,,JR255A_krill_image_71.JPG,JR255A_krill_image_72.JPG
78,RMT8,2,38,FS1,,JR255A_krill_image_71.JPG,JR255A_krill_image_72.JPG
78,RMT8,2,21,J,,JR255A_krill_image_71.JPG,JR255A_krill_image_72.JPG
78,RMT8,2,20,J,,JR255A_krill_image_71.JPG,JR255A_krill_image_72.JPG
78,RMT8,2,35,MS1,,JR255A_krill_image_71.JPG,JR255A_krill_image_72.JPG
78,RMT8,2,29,J,,JR255A_krill_image_71.JPG,JR255A_krill_image_72.JPG
78,RMT8,2,26,J,,JR255A_krill_image_71.JPG,JR255A_krill_image_72.JPG
78,RMT8,2,34,MS1,,JR255A_krill_image_71.JPG,JR255A_krill_image_72.JPG
78,RMT8,2,36,FS1,,JR255A_krill_image_71.JPG,JR255A_krill_image_72.JPG
78,RMT8,2,38,FS1,,JR255A_krill_image_71.JPG,JR255A_krill_image_72.JPG
78,RMT8,2,39,MS2,,JR255A_krill_image_71.JPG,JR255A_krill_image_72.JPG
78,RMT8,2,40,MS2,,JR255A_krill_image_71.JPG,JR255A_krill_image_72.JPG
78,RMT8,2,42,MS2,,JR255A_krill_image_71.JPG,JR255A_krill_image_72.JPG
78,RMT8,2,34,FS1,Board 3,JR255A_krill_image_73.JPG,JR255A_krill_image_74.JPG
78,RMT8,2,23,J,,JR255A_krill_image_73.JPG,JR255A_krill_image_74.JPG
78,RMT8,2,25,J,,JR255A_krill_image_73.JPG,JR255A_krill_image_74.JPG
78,RMT8,2,29,J,,JR255A_krill_image_73.JPG,JR255A_krill_image_74.JPG
78,RMT8,2,40,MS1,,JR255A_krill_image_73.JPG,JR255A_krill_image_74.JPG
78,RMT8,2,41,MS2,,JR255A_krill_image_73.JPG,JR255A_krill_image_74.JPG
78,RMT8,2,43,MS2,,JR255A_krill_image_73.JPG,JR255A_krill_image_74.JPG
78,RMT8,2,23,J,,JR255A_krill_image_73.JPG,JR255A_krill_image_74.JPG
78,RMT8,2,35,FS1,,JR255A_krill_image_73.JPG,JR255A_krill_image_74.JPG
78,RMT8,2,44,MS3,,JR255A_krill_image_73.JPG,JR255A_krill_image_74.JPG
78,RMT8,2,46,FS2,,JR255A_krill_image_73.JPG,JR255A_krill_image_74.JPG
78,RMT8,2,24,J,,JR255A_krill_image_73.JPG,JR255A_krill_image_74.JPG
78,RMT8,2,30,J,,JR255A_krill_image_73.JPG,JR255A_krill_image_74.JPG
78,RMT8,2,35,MS1,,JR255A_krill_image_73.JPG,JR255A_krill_image_74.JPG
78,RMT8,2,34,MS1,,JR255A_krill_image_73.JPG,JR255A_krill_image_74.JPG
78,RMT8,2,38,FS2,,JR255A_krill_image_73.JPG,JR255A_krill_image_74.JPG
78,RMT8,2,44,MS2,,JR255A_krill_image_73.JPG,JR255A_krill_image_74.JPG
78,RMT8,2,43,MS3,,JR255A_krill_image_73.JPG,JR255A_krill_image_74.JPG
78,RMT8,2,25,J,,JR255A_krill_image_73.JPG,JR255A_krill_image_74.JPG
78,RMT8,2,26,J,,JR255A_krill_image_73.JPG,JR255A_krill_image_74.JPG
78,RMT8,2,37,MS1,,JR255A_krill_image_73.JPG,JR255A_krill_image_74.JPG
78,RMT8,2,27,J,,JR255A_krill_image_73.JPG,JR255A_krill_image_74.JPG
78,RMT8,2,45,MS3,,JR255A_krill_image_73.JPG,JR255A_krill_image_74.JPG
78,RMT8,2,40,MS2,,JR255A_krill_image_73.JPG,JR255A_krill_image_74.JPG
78,RMT8,2,33,MS1,,JR255A_krill_image_73.JPG,JR255A_krill_image_74.JPG
78,RMT8,2,24,J,Board 4,JR255A_krill_image_75.JPG,JR255A_krill_image_76.JPG
78,RMT8,2,35,MS1,,JR255A_krill_image_75.JPG,JR255A_krill_image_76.JPG
78,RMT8,2,40,FS2,,JR255A_krill_image_75.JPG,JR255A_krill_image_76.JPG
78,RMT8,2,38,FS1,,JR255A_krill_image_75.JPG,JR255A_krill_image_76.JPG
78,RMT8,2,36,MS1,,JR255A_krill_image_75.JPG,JR255A_krill_image_76.JPG
78,RMT8,2,37,MS1,,JR255A_krill_image_75.JPG,JR255A_krill_image_76.JPG
78,RMT8,2,24,J,,JR255A_krill_image_75.JPG,JR255A_krill_image_76.JPG
78,RMT8,2,39,FS2,,JR255A_krill_image_75.JPG,JR255A_krill_image_76.JPG
78,RMT8,2,35,FS1,,JR255A_krill_image_75.JPG,JR255A_krill_image_76.JPG
78,RMT8,2,37,MS1,,JR255A_krill_image_75.JPG,JR255A_krill_image_76.JPG
78,RMT8,2,26,J,,JR255A_krill_image_75.JPG,JR255A_krill_image_76.JPG
78,RMT8,2,29,J,,JR255A_krill_image_75.JPG,JR255A_krill_image_76.JPG
78,RMT8,2,21,J,,JR255A_krill_image_75.JPG,JR255A_krill_image_76.JPG
78,RMT8,2,40,MS2,,JR255A_krill_image_75.JPG,JR255A_krill_image_76.JPG
78,RMT8,2,38,MS2,,JR255A_krill_image_75.JPG,JR255A_krill_image_76.JPG
78,RMT8,2,30,J,,JR255A_krill_image_75.JPG,JR255A_krill_image_76.JPG
78,RMT8,2,37,FS1,,JR255A_krill_image_75.JPG,JR255A_krill_image_76.JPG
78,RMT8,2,40,MS2,,JR255A_krill_image_75.JPG,JR255A_krill_image_76.JPG
78,RMT8,2,41,MS2,,JR255A_krill_image_75.JPG,JR255A_krill_image_76.JPG
78,RMT8,2,47,FS2,,JR255A_krill_image_75.JPG,JR255A_krill_image_76.JPG
78,RMT8,2,40,MS2,,JR255A_krill_image_75.JPG,JR255A_krill_image_76.JPG
78,RMT8,2,35,MS1,,JR255A_krill_image_75.JPG,JR255A_krill_image_76.JPG
78,RMT8,2,44,FS2,,JR255A_krill_image_75.JPG,JR255A_krill_image_76.JPG
78,RMT8,2,23,J,,JR255A_krill_image_75.JPG,JR255A_krill_image_76.JPG
78,RMT8,2,32,FS1,,JR255A_krill_image_75.JPG,JR255A_krill_image_76.JPG
87,RMT8,1,51,MS3,Board 1,JR255A_krill_image_85.JPG,JR255A_krill_image_86.JPG
87,RMT8,1,49,MS1,,JR255A_krill_image_85.JPG,JR255A_krill_image_86.JPG
87,RMT8,1,46,MS3,,JR255A_krill_image_85.JPG,JR255A_krill_image_86.JPG
87,RMT8,1,43,FS2,,JR255A_krill_image_85.JPG,JR255A_krill_image_86.JPG
87,RMT8,1,43,FS2,,JR255A_krill_image_85.JPG,JR255A_krill_image_86.JPG
87,RMT8,1,42,FS1,,JR255A_krill_image_85.JPG,JR255A_krill_image_86.JPG
87,RMT8,1,38,FS2,,JR255A_krill_image_85.JPG,JR255A_krill_image_86.JPG
87,RMT8,1,43,FS2,,JR255A_krill_image_85.JPG,JR255A_krill_image_86.JPG
87,RMT8,1,45,FS3,,JR255A_krill_image_85.JPG,JR255A_krill_image_86.JPG
87,RMT8,1,42,MS2,,JR255A_krill_image_85.JPG,JR255A_krill_image_86.JPG
87,RMT8,1,46,FS2,,JR255A_krill_image_85.JPG,JR255A_krill_image_86.JPG
87,RMT8,1,48,MS3,,JR255A_krill_image_85.JPG,JR255A_krill_image_86.JPG
87,RMT8,1,28,J,,JR255A_krill_image_85.JPG,JR255A_krill_image_86.JPG
87,RMT8,1,35,FS1,,JR255A_krill_image_85.JPG,JR255A_krill_image_86.JPG
87,RMT8,1,38,FS1,,JR255A_krill_image_85.JPG,JR255A_krill_image_86.JPG
87,RMT8,1,44,MS2,,JR255A_krill_image_85.JPG,JR255A_krill_image_86.JPG
87,RMT8,1,39,FS2,,JR255A_krill_image_85.JPG,JR255A_krill_image_86.JPG
87,RMT8,1,35,FS1,,JR255A_krill_image_85.JPG,JR255A_krill_image_86.JPG
87,RMT8,1,47,FS2,,JR255A_krill_image_85.JPG,JR255A_krill_image_86.JPG
87,RMT8,1,36,MS1,,JR255A_krill_image_85.JPG,JR255A_krill_image_86.JPG
87,RMT8,1,39,MS2,,JR255A_krill_image_85.JPG,JR255A_krill_image_86.JPG
87,RMT8,1,37,FS1,,JR255A_krill_image_85.JPG,JR255A_krill_image_86.JPG
87,RMT8,1,37,MS1,,JR255A_krill_image_85.JPG,JR255A_krill_image_86.JPG
87,RMT8,1,24,J,,JR255A_krill_image_85.JPG,JR255A_krill_image_86.JPG
87,RMT8,1,45,MS3,,JR255A_krill_image_85.JPG,JR255A_krill_image_86.JPG
87,RMT8,1,40,FS1,Board 2,JR255A_krill_image_87.JPG,JR255A_krill_image_88.JPG
87,RMT8,1,42,FS2,,JR255A_krill_image_87.JPG,JR255A_krill_image_88.JPG
87,RMT8,1,41,MS1,,JR255A_krill_image_87.JPG,JR255A_krill_image_88.JPG
87,RMT8,1,37,FS1,,JR255A_krill_image_87.JPG,JR255A_krill_image_88.JPG
87,RMT8,1,42,MS1,,JR255A_krill_image_87.JPG,JR255A_krill_image_88.JPG
87,RMT8,1,36,MS1,,JR255A_krill_image_87.JPG,JR255A_krill_image_88.JPG
87,RMT8,1,39,MS2,,JR255A_krill_image_87.JPG,JR255A_krill_image_88.JPG
87,RMT8,1,44,FS3,,JR255A_krill_image_87.JPG,JR255A_krill_image_88.JPG
87,RMT8,1,47,FS2,,JR255A_krill_image_87.JPG,JR255A_krill_image_88.JPG
87,RMT8,1,44,FS2,,JR255A_krill_image_87.JPG,JR255A_krill_image_88.JPG
87,RMT8,1,40,MS2,,JR255A_krill_image_87.JPG,JR255A_krill_image_88.JPG
87,RMT8,1,40,MS2,,JR255A_krill_image_87.JPG,JR255A_krill_image_88.JPG
87,RMT8,1,42,FS2,,JR255A_krill_image_87.JPG,JR255A_krill_image_88.JPG
87,RMT8,1,40,FS2,,JR255A_krill_image_87.JPG,JR255A_krill_image_88.JPG
87,RMT8,1,47,FS2,,JR255A_krill_image_87.JPG,JR255A_krill_image_88.JPG
87,RMT8,1,41,MS2,,JR255A_krill_image_87.JPG,JR255A_krill_image_88.JPG
87,RMT8,1,31,J,,JR255A_krill_image_87.JPG,JR255A_krill_image_88.JPG
87,RMT8,1,36,FS1,,JR255A_krill_image_87.JPG,JR255A_krill_image_88.JPG
87,RMT8,1,43,FS2,,JR255A_krill_image_87.JPG,JR255A_krill_image_88.JPG
87,RMT8,1,37,MS1,,JR255A_krill_image_87.JPG,JR255A_krill_image_88.JPG
87,RMT8,1,43,MS2,,JR255A_krill_image_87.JPG,JR255A_krill_image_88.JPG
87,RMT8,1,43,MS2,,JR255A_krill_image_87.JPG,JR255A_krill_image_88.JPG
87,RMT8,1,44,MS3,,JR255A_krill_image_87.JPG,JR255A_krill_image_88.JPG
87,RMT8,1,43,FS2,,JR255A_krill_image_87.JPG,JR255A_krill_image_88.JPG
87,RMT8,1,43,MS1,,JR255A_krill_image_87.JPG,JR255A_krill_image_88.JPG
87,RMT8,1,45,FS2,Board 3,JR255A_krill_image_89.JPG,JR255A_krill_image_90.JPG
87,RMT8,1,52,MS3,,JR255A_krill_image_89.JPG,JR255A_krill_image_90.JPG
87,RMT8,1,41,FS2,,JR255A_krill_image_89.JPG,JR255A_krill_image_90.JPG
87,RMT8,1,28,J,,JR255A_krill_image_89.JPG,JR255A_krill_image_90.JPG
87,RMT8,1,37,MS1,,JR255A_krill_image_89.JPG,JR255A_krill_image_90.JPG
87,RMT8,1,35,MS1,,JR255A_krill_image_89.JPG,JR255A_krill_image_90.JPG
87,RMT8,1,47,FS2,,JR255A_krill_image_89.JPG,JR255A_krill_image_90.JPG
87,RMT8,1,43,FS2,,JR255A_krill_image_89.JPG,JR255A_krill_image_90.JPG
87,RMT8,1,42,MS2,,JR255A_krill_image_89.JPG,JR255A_krill_image_90.JPG
87,RMT8,1,42,FS2,,JR255A_krill_image_89.JPG,JR255A_krill_image_90.JPG
87,RMT8,1,37,FS2,,JR255A_krill_image_89.JPG,JR255A_krill_image_90.JPG
87,RMT8,1,35,FS1,,JR255A_krill_image_89.JPG,JR255A_krill_image_90.JPG
87,RMT8,1,42,MS2,,JR255A_krill_image_89.JPG,JR255A_krill_image_90.JPG
87,RMT8,1,42,FS2,,JR255A_krill_image_89.JPG,JR255A_krill_image_90.JPG
87,RMT8,1,46,FS3,,JR255A_krill_image_89.JPG,JR255A_krill_image_90.JPG
87,RMT8,1,40,MS2,,JR255A_krill_image_89.JPG,JR255A_krill_image_90.JPG
87,RMT8,1,37,FS2,,JR255A_krill_image_89.JPG,JR255A_krill_image_90.JPG
87,RMT8,1,48,FS2,,JR255A_krill_image_89.JPG,JR255A_krill_image_90.JPG
87,RMT8,1,42,MS2,,JR255A_krill_image_89.JPG,JR255A_krill_image_90.JPG
87,RMT8,1,40,FS1,,JR255A_krill_image_89.JPG,JR255A_krill_image_90.JPG
87,RMT8,1,43,FS2,,JR255A_krill_image_89.JPG,JR255A_krill_image_90.JPG
87,RMT8,1,42,FS2,,JR255A_krill_image_89.JPG,JR255A_krill_image_90.JPG
87,RMT8,1,45,FS2,,JR255A_krill_image_89.JPG,JR255A_krill_image_90.JPG
87,RMT8,1,46,MS3,,JR255A_krill_image_89.JPG,JR255A_krill_image_90.JPG
87,RMT8,1,37,FS1,,JR255A_krill_image_89.JPG,JR255A_krill_image_90.JPG
87,RMT8,1,33,MS1,Board 4,JR255A_krill_image_91.JPG,JR255A_krill_image_92.JPG
87,RMT8,1,37,MS1,,JR255A_krill_image_91.JPG,JR255A_krill_image_92.JPG
87,RMT8,1,41,FS2,,JR255A_krill_image_91.JPG,JR255A_krill_image_92.JPG
87,RMT8,1,37,FS1,,JR255A_krill_image_91.JPG,JR255A_krill_image_92.JPG
87,RMT8,1,32,FS1,,JR255A_krill_image_91.JPG,JR255A_krill_image_92.JPG
87,RMT8,1,40,MS2,,JR255A_krill_image_91.JPG,JR255A_krill_image_92.JPG
87,RMT8,1,45,MS2,,JR255A_krill_image_91.JPG,JR255A_krill_image_92.JPG
87,RMT8,1,36,FS2,,JR255A_krill_image_91.JPG,JR255A_krill_image_92.JPG
87,RMT8,1,42,FS1,,JR255A_krill_image_91.JPG,JR255A_krill_image_92.JPG
87,RMT8,1,39,MS2,,JR255A_krill_image_91.JPG,JR255A_krill_image_92.JPG
87,RMT8,1,42,MS3,,JR255A_krill_image_91.JPG,JR255A_krill_image_92.JPG
87,RMT8,1,43,MS2,,JR255A_krill_image_91.JPG,JR255A_krill_image_92.JPG
87,RMT8,1,45,MS2,,JR255A_krill_image_91.JPG,JR255A_krill_image_92.JPG
87,RMT8,1,40,FS2,,JR255A_krill_image_91.JPG,JR255A_krill_image_92.JPG
87,RMT8,1,44,FS3,,JR255A_krill_image_91.JPG,JR255A_krill_image_92.JPG
87,RMT8,1,36,MS1,,JR255A_krill_image_91.JPG,JR255A_krill_image_92.JPG
87,RMT8,1,40,MS2,,JR255A_krill_image_91.JPG,JR255A_krill_image_92.JPG
87,RMT8,1,38,MS1,,JR255A_krill_image_91.JPG,JR255A_krill_image_92.JPG
87,RMT8,1,39,FS3,,JR255A_krill_image_91.JPG,JR255A_krill_image_92.JPG
87,RMT8,1,43,MS3,,JR255A_krill_image_91.JPG,JR255A_krill_image_92.JPG
87,RMT8,1,41,FS2,,JR255A_krill_image_91.JPG,JR255A_krill_image_92.JPG
87,RMT8,1,44,MS3,,JR255A_krill_image_91.JPG,JR255A_krill_image_92.JPG
87,RMT8,1,43,FS2,,JR255A_krill_image_91.JPG,JR255A_krill_image_92.JPG
87,RMT8,1,25,FS1,,JR255A_krill_image_91.JPG,JR255A_krill_image_92.JPG
87,RMT8,1,37,FS1,,JR255A_krill_image_91.JPG,JR255A_krill_image_92.JPG
87,RMT8,2,24,J,Board 1,JR255A_krill_image_77.JPG,JR255A_krill_image_78.JPG
87,RMT8,2,26,J,,JR255A_krill_image_77.JPG,JR255A_krill_image_78.JPG
87,RMT8,2,22,J,,JR255A_krill_image_77.JPG,JR255A_krill_image_78.JPG
87,RMT8,2,23,J,,JR255A_krill_image_77.JPG,JR255A_krill_image_78.JPG
87,RMT8,2,26,J,,JR255A_krill_image_77.JPG,JR255A_krill_image_78.JPG
87,RMT8,2,26,J,,JR255A_krill_image_77.JPG,JR255A_krill_image_78.JPG
87,RMT8,2,26,J,,JR255A_krill_image_77.JPG,JR255A_krill_image_78.JPG
87,RMT8,2,26,J,,JR255A_krill_image_77.JPG,JR255A_krill_image_78.JPG
87,RMT8,2,23,J,,JR255A_krill_image_77.JPG,JR255A_krill_image_78.JPG
87,RMT8,2,25,J,,JR255A_krill_image_77.JPG,JR255A_krill_image_78.JPG
87,RMT8,2,25,J,,JR255A_krill_image_77.JPG,JR255A_krill_image_78.JPG
87,RMT8,2,23,J,,JR255A_krill_image_77.JPG,JR255A_krill_image_78.JPG
87,RMT8,2,22,J,,JR255A_krill_image_77.JPG,JR255A_krill_image_78.JPG
87,RMT8,2,22,J,,JR255A_krill_image_77.JPG,JR255A_krill_image_78.JPG
87,RMT8,2,24,J,,JR255A_krill_image_77.JPG,JR255A_krill_image_78.JPG
87,RMT8,2,24,J,,JR255A_krill_image_77.JPG,JR255A_krill_image_78.JPG
87,RMT8,2,28,J,,JR255A_krill_image_77.JPG,JR255A_krill_image_78.JPG
87,RMT8,2,23,J,,JR255A_krill_image_77.JPG,JR255A_krill_image_78.JPG
87,RMT8,2,24,J,,JR255A_krill_image_77.JPG,JR255A_krill_image_78.JPG
87,RMT8,2,26,J,,JR255A_krill_image_77.JPG,JR255A_krill_image_78.JPG
87,RMT8,2,24,J,,JR255A_krill_image_77.JPG,JR255A_krill_image_78.JPG
87,RMT8,2,26,J,,JR255A_krill_image_77.JPG,JR255A_krill_image_78.JPG
87,RMT8,2,23,J,,JR255A_krill_image_77.JPG,JR255A_krill_image_78.JPG
87,RMT8,2,22,J,,JR255A_krill_image_77.JPG,JR255A_krill_image_78.JPG
87,RMT8,2,26,J,,JR255A_krill_image_77.JPG,JR255A_krill_image_78.JPG
87,RMT8,2,23,J,Board 2,JR255A_krill_image_79.JPG,JR255A_krill_image_80.JPG
87,RMT8,2,25,J,,JR255A_krill_image_79.JPG,JR255A_krill_image_80.JPG
87,RMT8,2,23,J,,JR255A_krill_image_79.JPG,JR255A_krill_image_80.JPG
87,RMT8,2,25,J,,JR255A_krill_image_79.JPG,JR255A_krill_image_80.JPG
87,RMT8,2,25,J,,JR255A_krill_image_79.JPG,JR255A_krill_image_80.JPG
87,RMT8,2,24,J,,JR255A_krill_image_79.JPG,JR255A_krill_image_80.JPG
87,RMT8,2,23,J,,JR255A_krill_image_79.JPG,JR255A_krill_image_80.JPG
87,RMT8,2,22,J,,JR255A_krill_image_79.JPG,JR255A_krill_image_80.JPG
87,RMT8,2,23,J,,JR255A_krill_image_79.JPG,JR255A_krill_image_80.JPG
87,RMT8,2,26,J,,JR255A_krill_image_79.JPG,JR255A_krill_image_80.JPG
87,RMT8,2,24,J,,JR255A_krill_image_79.JPG,JR255A_krill_image_80.JPG
87,RMT8,2,24,J,,JR255A_krill_image_79.JPG,JR255A_krill_image_80.JPG
87,RMT8,2,25,J,,JR255A_krill_image_79.JPG,JR255A_krill_image_80.JPG
87,RMT8,2,22,J,,JR255A_krill_image_79.JPG,JR255A_krill_image_80.JPG
87,RMT8,2,22,J,,JR255A_krill_image_79.JPG,JR255A_krill_image_80.JPG
87,RMT8,2,24,J,,JR255A_krill_image_79.JPG,JR255A_krill_image_80.JPG
87,RMT8,2,26,J,,JR255A_krill_image_79.JPG,JR255A_krill_image_80.JPG
87,RMT8,2,25,J,,JR255A_krill_image_79.JPG,JR255A_krill_image_80.JPG
87,RMT8,2,23,J,,JR255A_krill_image_79.JPG,JR255A_krill_image_80.JPG
87,RMT8,2,31,J,,JR255A_krill_image_79.JPG,JR255A_krill_image_80.JPG
87,RMT8,2,35,J,,JR255A_krill_image_79.JPG,JR255A_krill_image_80.JPG
87,RMT8,2,24,J,,JR255A_krill_image_79.JPG,JR255A_krill_image_80.JPG
87,RMT8,2,24,J,,JR255A_krill_image_79.JPG,JR255A_krill_image_80.JPG
87,RMT8,2,25,J,,JR255A_krill_image_79.JPG,JR255A_krill_image_80.JPG
87,RMT8,2,26,J,,JR255A_krill_image_79.JPG,JR255A_krill_image_80.JPG
87,RMT8,2,25,J,Board 3,JR255A_krill_image_81.JPG,JR255A_krill_image_82.JPG
87,RMT8,2,25,J,,JR255A_krill_image_81.JPG,JR255A_krill_image_82.JPG
87,RMT8,2,23,J,,JR255A_krill_image_81.JPG,JR255A_krill_image_82.JPG
87,RMT8,2,22,J,,JR255A_krill_image_81.JPG,JR255A_krill_image_82.JPG
87,RMT8,2,23,J,,JR255A_krill_image_81.JPG,JR255A_krill_image_82.JPG
87,RMT8,2,26,J,,JR255A_krill_image_81.JPG,JR255A_krill_image_82.JPG
87,RMT8,2,23,J,,JR255A_krill_image_81.JPG,JR255A_krill_image_82.JPG
87,RMT8,2,22,J,,JR255A_krill_image_81.JPG,JR255A_krill_image_82.JPG
87,RMT8,2,24,J,,JR255A_krill_image_81.JPG,JR255A_krill_image_82.JPG
87,RMT8,2,27,J,,JR255A_krill_image_81.JPG,JR255A_krill_image_82.JPG
87,RMT8,2,25,J,,JR255A_krill_image_81.JPG,JR255A_krill_image_82.JPG
87,RMT8,2,26,J,,JR255A_krill_image_81.JPG,JR255A_krill_image_82.JPG
87,RMT8,2,25,J,,JR255A_krill_image_81.JPG,JR255A_krill_image_82.JPG
87,RMT8,2,26,J,,JR255A_krill_image_81.JPG,JR255A_krill_image_82.JPG
87,RMT8,2,23,J,,JR255A_krill_image_81.JPG,JR255A_krill_image_82.JPG
87,RMT8,2,26,J,,JR255A_krill_image_81.JPG,JR255A_krill_image_82.JPG
87,RMT8,2,23,J,,JR255A_krill_image_81.JPG,JR255A_krill_image_82.JPG
87,RMT8,2,21,J,,JR255A_krill_image_81.JPG,JR255A_krill_image_82.JPG
87,RMT8,2,21,J,,JR255A_krill_image_81.JPG,JR255A_krill_image_82.JPG
87,RMT8,2,22,J,,JR255A_krill_image_81.JPG,JR255A_krill_image_82.JPG
87,RMT8,2,24,J,,JR255A_krill_image_81.JPG,JR255A_krill_image_82.JPG
87,RMT8,2,22,J,,JR255A_krill_image_81.JPG,JR255A_krill_image_82.JPG
87,RMT8,2,23,J,,JR255A_krill_image_81.JPG,JR255A_krill_image_82.JPG
87,RMT8,2,23,J,,JR255A_krill_image_81.JPG,JR255A_krill_image_82.JPG
87,RMT8,2,22,J,,JR255A_krill_image_81.JPG,JR255A_krill_image_82.JPG
87,RMT8,2,20,J,Board 4,JR255A_krill_image_83.JPG,JR255A_krill_image_84.JPG
87,RMT8,2,25,J,,JR255A_krill_image_83.JPG,JR255A_krill_image_84.JPG
87,RMT8,2,25,J,,JR255A_krill_image_83.JPG,JR255A_krill_image_84.JPG
87,RMT8,2,22,J,,JR255A_krill_image_83.JPG,JR255A_krill_image_84.JPG
87,RMT8,2,23,J,,JR255A_krill_image_83.JPG,JR255A_krill_image_84.JPG
87,RMT8,2,23,J,,JR255A_krill_image_83.JPG,JR255A_krill_image_84.JPG
87,RMT8,2,23,J,,JR255A_krill_image_83.JPG,JR255A_krill_image_84.JPG
87,RMT8,2,23,J,,JR255A_krill_image_83.JPG,JR255A_krill_image_84.JPG
87,RMT8,2,26,J,,JR255A_krill_image_83.JPG,JR255A_krill_image_84.JPG
87,RMT8,2,22,J,,JR255A_krill_image_83.JPG,JR255A_krill_image_84.JPG
87,RMT8,2,23,J,,JR255A_krill_image_83.JPG,JR255A_krill_image_84.JPG
87,RMT8,2,25,J,,JR255A_krill_image_83.JPG,JR255A_krill_image_84.JPG
87,RMT8,2,24,J,,JR255A_krill_image_83.JPG,JR255A_krill_image_84.JPG
87,RMT8,2,23,J,,JR255A_krill_image_83.JPG,JR255A_krill_image_84.JPG
87,RMT8,2,23,J,,JR255A_krill_image_83.JPG,JR255A_krill_image_84.JPG
87,RMT8,2,20,J,,JR255A_krill_image_83.JPG,JR255A_krill_image_84.JPG
87,RMT8,2,26,J,,JR255A_krill_image_83.JPG,JR255A_krill_image_84.JPG
87,RMT8,2,24,J,,JR255A_krill_image_83.JPG,JR255A_krill_image_84.JPG
87,RMT8,2,24,J,,JR255A_krill_image_83.JPG,JR255A_krill_image_84.JPG
87,RMT8,2,24,J,,JR255A_krill_image_83.JPG,JR255A_krill_image_84.JPG
87,RMT8,2,35,J,,JR255A_krill_image_83.JPG,JR255A_krill_image_84.JPG
87,RMT8,2,29,J,,JR255A_krill_image_83.JPG,JR255A_krill_image_84.JPG
87,RMT8,2,23,J,,JR255A_krill_image_83.JPG,JR255A_krill_image_84.JPG
87,RMT8,2,24,J,,JR255A_krill_image_83.JPG,JR255A_krill_image_84.JPG
87,RMT8,2,26,J,,JR255A_krill_image_83.JPG,JR255A_krill_image_84.JPG
97,RMT8,2,43,FS1,Board 1,JR255A_krill_image_93.JPG,JR255A_krill_image_94.JPG
97,RMT8,2,41,FS1,,JR255A_krill_image_93.JPG,JR255A_krill_image_94.JPG
97,RMT8,2,45,MS2,,JR255A_krill_image_93.JPG,JR255A_krill_image_94.JPG
97,RMT8,2,46,FS2,,JR255A_krill_image_93.JPG,JR255A_krill_image_94.JPG
97,RMT8,2,43,FS1,,JR255A_krill_image_93.JPG,JR255A_krill_image_94.JPG
97,RMT8,2,40,FS2,,JR255A_krill_image_93.JPG,JR255A_krill_image_94.JPG
97,RMT8,2,45,MS3,,JR255A_krill_image_93.JPG,JR255A_krill_image_94.JPG
97,RMT8,2,44,MS3,,JR255A_krill_image_93.JPG,JR255A_krill_image_94.JPG
97,RMT8,2,38,FS1,,JR255A_krill_image_93.JPG,JR255A_krill_image_94.JPG
97,RMT8,2,41,FS1,,JR255A_krill_image_93.JPG,JR255A_krill_image_94.JPG
97,RMT8,2,47,MS3,,JR255A_krill_image_93.JPG,JR255A_krill_image_94.JPG
97,RMT8,2,36,FS1,,JR255A_krill_image_93.JPG,JR255A_krill_image_94.JPG
97,RMT8,2,38,FS1,,JR255A_krill_image_93.JPG,JR255A_krill_image_94.JPG
97,RMT8,2,38,MS1,,JR255A_krill_image_93.JPG,JR255A_krill_image_94.JPG
97,RMT8,2,41,FS1,,JR255A_krill_image_93.JPG,JR255A_krill_image_94.JPG
97,RMT8,2,45,MS3,,JR255A_krill_image_93.JPG,JR255A_krill_image_94.JPG
97,RMT8,2,40,MS1,,JR255A_krill_image_93.JPG,JR255A_krill_image_94.JPG
97,RMT8,2,36,FS1,,JR255A_krill_image_93.JPG,JR255A_krill_image_94.JPG
97,RMT8,2,42,MS1,,JR255A_krill_image_93.JPG,JR255A_krill_image_94.JPG
97,RMT8,2,45,FS2,,JR255A_krill_image_93.JPG,JR255A_krill_image_94.JPG
97,RMT8,2,45,MS2,,JR255A_krill_image_93.JPG,JR255A_krill_image_94.JPG
97,RMT8,2,44,MS3,,JR255A_krill_image_93.JPG,JR255A_krill_image_94.JPG
97,RMT8,2,37,FS2,,JR255A_krill_image_93.JPG,JR255A_krill_image_94.JPG
97,RMT8,2,44,MS2,,JR255A_krill_image_93.JPG,JR255A_krill_image_94.JPG
97,RMT8,2,41,MS2,,JR255A_krill_image_93.JPG,JR255A_krill_image_94.JPG
97,RMT8,2,45,FS2,Board 2,JR255A_krill_image_95.JPG,JR255A_krill_image_96.JPG
97,RMT8,2,33,J,,JR255A_krill_image_95.JPG,JR255A_krill_image_96.JPG
97,RMT8,2,41,FS1,,JR255A_krill_image_95.JPG,JR255A_krill_image_96.JPG
97,RMT8,2,46,FS2,,JR255A_krill_image_95.JPG,JR255A_krill_image_96.JPG
97,RMT8,2,39,MS1,,JR255A_krill_image_95.JPG,JR255A_krill_image_96.JPG
97,RMT8,2,47,FS2,,JR255A_krill_image_95.JPG,JR255A_krill_image_96.JPG
97,RMT8,2,38,FS1,,JR255A_krill_image_95.JPG,JR255A_krill_image_96.JPG
97,RMT8,2,37,FS1,,JR255A_krill_image_95.JPG,JR255A_krill_image_96.JPG
97,RMT8,2,43,MS3,,JR255A_krill_image_95.JPG,JR255A_krill_image_96.JPG
97,RMT8,2,46,FS1,,JR255A_krill_image_95.JPG,JR255A_krill_image_96.JPG
97,RMT8,2,39,FS1,,JR255A_krill_image_95.JPG,JR255A_krill_image_96.JPG
97,RMT8,2,44,MS3,,JR255A_krill_image_95.JPG,JR255A_krill_image_96.JPG
97,RMT8,2,40,FS2,,JR255A_krill_image_95.JPG,JR255A_krill_image_96.JPG
97,RMT8,2,45,MS3,,JR255A_krill_image_95.JPG,JR255A_krill_image_96.JPG
97,RMT8,2,49,MS1,,JR255A_krill_image_95.JPG,JR255A_krill_image_96.JPG
97,RMT8,2,47,MS3,,JR255A_krill_image_95.JPG,JR255A_krill_image_96.JPG
97,RMT8,2,46,FS2,,JR255A_krill_image_95.JPG,JR255A_krill_image_96.JPG
97,RMT8,2,41,FS1,,JR255A_krill_image_95.JPG,JR255A_krill_image_96.JPG
97,RMT8,2,40,FS2,,JR255A_krill_image_95.JPG,JR255A_krill_image_96.JPG
97,RMT8,2,38,FS1,,JR255A_krill_image_95.JPG,JR255A_krill_image_96.JPG
97,RMT8,2,37,FS1,,JR255A_krill_image_95.JPG,JR255A_krill_image_96.JPG
97,RMT8,2,46,MS3,,JR255A_krill_image_95.JPG,JR255A_krill_image_96.JPG
97,RMT8,2,42,FS2,,JR255A_krill_image_95.JPG,JR255A_krill_image_96.JPG
97,RMT8,2,43,MS3,,JR255A_krill_image_95.JPG,JR255A_krill_image_96.JPG
97,RMT8,2,45,FS2,,JR255A_krill_image_95.JPG,JR255A_krill_image_96.JPG
97,RMT8,2,46,MS3,Board 3,JR255A_krill_image_97.JPG,JR255A_krill_image_98.JPG
97,RMT8,2,46,MS3,,JR255A_krill_image_97.JPG,JR255A_krill_image_98.JPG
97,RMT8,2,39,MS1,,JR255A_krill_image_97.JPG,JR255A_krill_image_98.JPG
97,RMT8,2,44,MS3,,JR255A_krill_image_97.JPG,JR255A_krill_image_98.JPG
97,RMT8,2,41,FS1,,JR255A_krill_image_97.JPG,JR255A_krill_image_98.JPG
97,RMT8,2,43,MS2,,JR255A_krill_image_97.JPG,JR255A_krill_image_98.JPG
97,RMT8,2,41,MS1,,JR255A_krill_image_97.JPG,JR255A_krill_image_98.JPG
97,RMT8,2,45,MS2,,JR255A_krill_image_97.JPG,JR255A_krill_image_98.JPG
97,RMT8,2,40,FS2,,JR255A_krill_image_97.JPG,JR255A_krill_image_98.JPG
97,RMT8,2,44,FS1,,JR255A_krill_image_97.JPG,JR255A_krill_image_98.JPG
97,RMT8,2,39,MS2,,JR255A_krill_image_97.JPG,JR255A_krill_image_98.JPG
97,RMT8,2,43,MS2,,JR255A_krill_image_97.JPG,JR255A_krill_image_98.JPG
97,RMT8,2,37,FS1,,JR255A_krill_image_97.JPG,JR255A_krill_image_98.JPG
97,RMT8,2,39,FS2,,JR255A_krill_image_97.JPG,JR255A_krill_image_98.JPG
97,RMT8,2,47,MS1,,JR255A_krill_image_97.JPG,JR255A_krill_image_98.JPG
97,RMT8,2,40,FS2,,JR255A_krill_image_97.JPG,JR255A_krill_image_98.JPG
97,RMT8,2,35,FS1,,JR255A_krill_image_97.JPG,JR255A_krill_image_98.JPG
97,RMT8,2,44,FS2,,JR255A_krill_image_97.JPG,JR255A_krill_image_98.JPG
97,RMT8,2,44,FS2,,JR255A_krill_image_97.JPG,JR255A_krill_image_98.JPG
97,RMT8,2,39,FS2,,JR255A_krill_image_97.JPG,JR255A_krill_image_98.JPG
97,RMT8,2,41,FS1,,JR255A_krill_image_97.JPG,JR255A_krill_image_98.JPG
97,RMT8,2,45,MS2,,JR255A_krill_image_97.JPG,JR255A_krill_image_98.JPG
97,RMT8,2,39,FS1,,JR255A_krill_image_97.JPG,JR255A_krill_image_98.JPG
97,RMT8,2,40,FS1,,JR255A_krill_image_97.JPG,JR255A_krill_image_98.JPG
97,RMT8,2,43,MS2,,JR255A_krill_image_97.JPG,JR255A_krill_image_98.JPG
97,RMT8,2,41,FS1,Board 4,JR255A_krill_image_99.JPG,JR255A_krill_image_100.JPG
97,RMT8,2,38,MS1,,JR255A_krill_image_99.JPG,JR255A_krill_image_100.JPG
97,RMT8,2,46,MS3,,JR255A_krill_image_99.JPG,JR255A_krill_image_100.JPG
97,RMT8,2,41,FS1,,JR255A_krill_image_99.JPG,JR255A_krill_image_100.JPG
97,RMT8,2,43,FS1,,JR255A_krill_image_99.JPG,JR255A_krill_image_100.JPG
97,RMT8,2,45,MS3,,JR255A_krill_image_99.JPG,JR255A_krill_image_100.JPG
97,RMT8,2,32,J,,JR255A_krill_image_99.JPG,JR255A_krill_image_100.JPG
97,RMT8,2,44,MS3,,JR255A_krill_image_99.JPG,JR255A_krill_image_100.JPG
97,RMT8,2,46,MS3,,JR255A_krill_image_99.JPG,JR255A_krill_image_100.JPG
97,RMT8,2,41,FS1,,JR255A_krill_image_99.JPG,JR255A_krill_image_100.JPG
97,RMT8,2,39,MS1,,JR255A_krill_image_99.JPG,JR255A_krill_image_100.JPG
97,RMT8,2,32,J,,JR255A_krill_image_99.JPG,JR255A_krill_image_100.JPG
97,RMT8,2,37,FS1,,JR255A_krill_image_99.JPG,JR255A_krill_image_100.JPG
97,RMT8,2,43,MS2,,JR255A_krill_image_99.JPG,JR255A_krill_image_100.JPG
97,RMT8,2,43,FS2,,JR255A_krill_image_99.JPG,JR255A_krill_image_100.JPG
97,RMT8,2,38,FS1,,JR255A_krill_image_99.JPG,JR255A_krill_image_100.JPG
97,RMT8,2,41,FS1,,JR255A_krill_image_99.JPG,JR255A_krill_image_100.JPG
97,RMT8,2,40,FS1,,JR255A_krill_image_99.JPG,JR255A_krill_image_100.JPG
97,RMT8,2,43,MS2,,JR255A_krill_image_99.JPG,JR255A_krill_image_100.JPG
97,RMT8,2,45,FS2,,JR255A_krill_image_99.JPG,JR255A_krill_image_100.JPG
97,RMT8,2,29,J,,JR255A_krill_image_99.JPG,JR255A_krill_image_100.JPG
97,RMT8,2,42,MS2,,JR255A_krill_image_99.JPG,JR255A_krill_image_100.JPG
97,RMT8,2,38,MS2,,JR255A_krill_image_99.JPG,JR255A_krill_image_100.JPG
97,RMT8,2,43,MS2,,JR255A_krill_image_99.JPG,JR255A_krill_image_100.JPG
97,RMT8,2,45,MS3,,JR255A_krill_image_99.JPG,JR255A_krill_image_100.JPG
99,RMT8,2,45,MS2,Board 1,JR255A_krill_image_101.JPG,JR255A_krill_image_102.JPG
99,RMT8,2,27,J,,JR255A_krill_image_101.JPG,JR255A_krill_image_102.JPG
99,RMT8,2,20,J,,JR255A_krill_image_101.JPG,JR255A_krill_image_102.JPG
99,RMT8,2,29,J,,JR255A_krill_image_101.JPG,JR255A_krill_image_102.JPG
99,RMT8,2,23,J,,JR255A_krill_image_101.JPG,JR255A_krill_image_102.JPG
99,RMT8,2,34,FS1,,JR255A_krill_image_101.JPG,JR255A_krill_image_102.JPG
99,RMT8,2,28,J,,JR255A_krill_image_101.JPG,JR255A_krill_image_102.JPG
99,RMT8,2,24,J,,JR255A_krill_image_101.JPG,JR255A_krill_image_102.JPG
99,RMT8,2,23,J,,JR255A_krill_image_101.JPG,JR255A_krill_image_102.JPG
99,RMT8,2,22,J,,JR255A_krill_image_101.JPG,JR255A_krill_image_102.JPG
99,RMT8,2,26,J,,JR255A_krill_image_101.JPG,JR255A_krill_image_102.JPG
99,RMT8,2,34,J,,JR255A_krill_image_101.JPG,JR255A_krill_image_102.JPG
99,RMT8,2,30,J,,JR255A_krill_image_101.JPG,JR255A_krill_image_102.JPG
99,RMT8,2,31,J,,JR255A_krill_image_101.JPG,JR255A_krill_image_102.JPG
99,RMT8,2,33,MS1,,JR255A_krill_image_101.JPG,JR255A_krill_image_102.JPG
99,RMT8,2,31,J,,JR255A_krill_image_101.JPG,JR255A_krill_image_102.JPG
99,RMT8,2,26,J,,JR255A_krill_image_101.JPG,JR255A_krill_image_102.JPG
99,RMT8,2,27,J,,JR255A_krill_image_101.JPG,JR255A_krill_image_102.JPG
99,RMT8,2,25,J,,JR255A_krill_image_101.JPG,JR255A_krill_image_102.JPG
99,RMT8,2,27,J,,JR255A_krill_image_101.JPG,JR255A_krill_image_102.JPG
99,RMT8,2,23,J,,JR255A_krill_image_101.JPG,JR255A_krill_image_102.JPG
99,RMT8,2,26,J,,JR255A_krill_image_101.JPG,JR255A_krill_image_102.JPG
99,RMT8,2,28,J,,JR255A_krill_image_101.JPG,JR255A_krill_image_102.JPG
99,RMT8,2,30,J,,JR255A_krill_image_101.JPG,JR255A_krill_image_102.JPG
99,RMT8,2,29,J,,JR255A_krill_image_101.JPG,JR255A_krill_image_102.JPG
99,RMT8,2,27,J,Board 2,JR255A_krill_image_103.JPG,JR255A_krill_image_104.JPG
99,RMT8,2,22,J,,JR255A_krill_image_103.JPG,JR255A_krill_image_104.JPG
99,RMT8,2,24,J,,JR255A_krill_image_103.JPG,JR255A_krill_image_104.JPG
99,RMT8,2,32,J,,JR255A_krill_image_103.JPG,JR255A_krill_image_104.JPG
99,RMT8,2,24,J,,JR255A_krill_image_103.JPG,JR255A_krill_image_104.JPG
99,RMT8,2,26,J,,JR255A_krill_image_103.JPG,JR255A_krill_image_104.JPG
99,RMT8,2,30,J,,JR255A_krill_image_103.JPG,JR255A_krill_image_104.JPG
99,RMT8,2,22,J,,JR255A_krill_image_103.JPG,JR255A_krill_image_104.JPG
99,RMT8,2,23,J,,JR255A_krill_image_103.JPG,JR255A_krill_image_104.JPG
99,RMT8,2,30,J,,JR255A_krill_image_103.JPG,JR255A_krill_image_104.JPG
99,RMT8,2,26,J,,JR255A_krill_image_103.JPG,JR255A_krill_image_104.JPG
99,RMT8,2,26,J,,JR255A_krill_image_103.JPG,JR255A_krill_image_104.JPG
99,RMT8,2,24,J,,JR255A_krill_image_103.JPG,JR255A_krill_image_104.JPG
99,RMT8,2,25,J,,JR255A_krill_image_103.JPG,JR255A_krill_image_104.JPG
99,RMT8,2,31,J,,JR255A_krill_image_103.JPG,JR255A_krill_image_104.JPG
99,RMT8,2,22,J,,JR255A_krill_image_103.JPG,JR255A_krill_image_104.JPG
99,RMT8,2,25,J,,JR255A_krill_image_103.JPG,JR255A_krill_image_104.JPG
99,RMT8,2,25,J,,JR255A_krill_image_103.JPG,JR255A_krill_image_104.JPG
99,RMT8,2,25,J,,JR255A_krill_image_103.JPG,JR255A_krill_image_104.JPG
99,RMT8,2,22,J,,JR255A_krill_image_103.JPG,JR255A_krill_image_104.JPG
99,RMT8,2,22,J,,JR255A_krill_image_103.JPG,JR255A_krill_image_104.JPG
99,RMT8,2,22,J,,JR255A_krill_image_103.JPG,JR255A_krill_image_104.JPG
99,RMT8,2,24,J,,JR255A_krill_image_103.JPG,JR255A_krill_image_104.JPG
99,RMT8,2,23,J,,JR255A_krill_image_103.JPG,JR255A_krill_image_104.JPG
99,RMT8,2,24,J,,JR255A_krill_image_103.JPG,JR255A_krill_image_104.JPG
99,RMT8,2,22,J,,JR255A_krill_image_103.JPG,JR255A_krill_image_104.JPG
99,RMT8,2,19,J,Board 3,JR255A_krill_image_105.JPG,JR255A_krill_image_106.JPG
99,RMT8,2,27,J,,JR255A_krill_image_105.JPG,JR255A_krill_image_106.JPG
99,RMT8,2,32,J,,JR255A_krill_image_105.JPG,JR255A_krill_image_106.JPG
99,RMT8,2,25,J,,JR255A_krill_image_105.JPG,JR255A_krill_image_106.JPG
99,RMT8,2,42,FS1,,JR255A_krill_image_105.JPG,JR255A_krill_image_106.JPG
99,RMT8,2,29,J,,JR255A_krill_image_105.JPG,JR255A_krill_image_106.JPG
99,RMT8,2,23,J,,JR255A_krill_image_105.JPG,JR255A_krill_image_106.JPG
99,RMT8,2,28,J,,JR255A_krill_image_105.JPG,JR255A_krill_image_106.JPG
99,RMT8,2,25,J,,JR255A_krill_image_105.JPG,JR255A_krill_image_106.JPG
99,RMT8,2,34,FS1,,JR255A_krill_image_105.JPG,JR255A_krill_image_106.JPG
99,RMT8,2,20,J,,JR255A_krill_image_105.JPG,JR255A_krill_image_106.JPG
99,RMT8,2,23,J,,JR255A_krill_image_105.JPG,JR255A_krill_image_106.JPG
99,RMT8,2,30,J,,JR255A_krill_image_105.JPG,JR255A_krill_image_106.JPG
99,RMT8,2,24,J,,JR255A_krill_image_105.JPG,JR255A_krill_image_106.JPG
99,RMT8,2,26,J,,JR255A_krill_image_105.JPG,JR255A_krill_image_106.JPG
99,RMT8,2,29,J,,JR255A_krill_image_105.JPG,JR255A_krill_image_106.JPG
99,RMT8,2,29,J,,JR255A_krill_image_105.JPG,JR255A_krill_image_106.JPG
99,RMT8,2,33,J,,JR255A_krill_image_105.JPG,JR255A_krill_image_106.JPG
99,RMT8,2,21,J,,JR255A_krill_image_105.JPG,JR255A_krill_image_106.JPG
99,RMT8,2,29,J,,JR255A_krill_image_105.JPG,JR255A_krill_image_106.JPG
99,RMT8,2,26,J,,JR255A_krill_image_105.JPG,JR255A_krill_image_106.JPG
99,RMT8,2,26,J,,JR255A_krill_image_105.JPG,JR255A_krill_image_106.JPG
99,RMT8,2,39,FS1,,JR255A_krill_image_105.JPG,JR255A_krill_image_106.JPG
99,RMT8,2,23,J,,JR255A_krill_image_105.JPG,JR255A_krill_image_106.JPG
99,RMT8,2,28,J,,JR255A_krill_image_105.JPG,JR255A_krill_image_106.JPG
99,RMT8,2,29,J,Board 4,JR255A_krill_image_107.JPG,JR255A_krill_image_108.JPG
99,RMT8,2,23,J,,JR255A_krill_image_107.JPG,JR255A_krill_image_108.JPG
99,RMT8,2,25,J,,JR255A_krill_image_107.JPG,JR255A_krill_image_108.JPG
99,RMT8,2,31,J,,JR255A_krill_image_107.JPG,JR255A_krill_image_108.JPG
99,RMT8,2,30,J,,JR255A_krill_image_107.JPG,JR255A_krill_image_108.JPG
99,RMT8,2,25,J,,JR255A_krill_image_107.JPG,JR255A_krill_image_108.JPG
99,RMT8,2,25,J,,JR255A_krill_image_107.JPG,JR255A_krill_image_108.JPG
99,RMT8,2,22,J,,JR255A_krill_image_107.JPG,JR255A_krill_image_108.JPG
99,RMT8,2,23,J,,JR255A_krill_image_107.JPG,JR255A_krill_image_108.JPG
99,RMT8,2,25,J,,JR255A_krill_image_107.JPG,JR255A_krill_image_108.JPG
99,RMT8,2,22,J,,JR255A_krill_image_107.JPG,JR255A_krill_image_108.JPG
99,RMT8,2,28,J,,JR255A_krill_image_107.JPG,JR255A_krill_image_108.JPG
99,RMT8,2,26,J,,JR255A_krill_image_107.JPG,JR255A_krill_image_108.JPG
99,RMT8,2,24,J,,JR255A_krill_image_107.JPG,JR255A_krill_image_108.JPG
99,RMT8,2,27,J,,JR255A_krill_image_107.JPG,JR255A_krill_image_108.JPG
99,RMT8,2,28,J,,JR255A_krill_image_107.JPG,JR255A_krill_image_108.JPG
99,RMT8,2,34,J,,JR255A_krill_image_107.JPG,JR255A_krill_image_108.JPG
99,RMT8,2,21,J,,JR255A_krill_image_107.JPG,JR255A_krill_image_108.JPG
99,RMT8,2,29,J,,JR255A_krill_image_107.JPG,JR255A_krill_image_108.JPG
99,RMT8,2,29,J,,JR255A_krill_image_107.JPG,JR255A_krill_image_108.JPG
99,RMT8,2,22,J,,JR255A_krill_image_107.JPG,JR255A_krill_image_108.JPG
99,RMT8,2,25,J,,JR255A_krill_image_107.JPG,JR255A_krill_image_108.JPG
99,RMT8,2,27,J,,JR255A_krill_image_107.JPG,JR255A_krill_image_108.JPG
99,RMT8,2,28,J,,JR255A_krill_image_107.JPG,JR255A_krill_image_108.JPG
99,RMT8,2,30,J,,JR255A_krill_image_107.JPG,JR255A_krill_image_108.JPG
